dataset,synth,regime,n,axis,eps_frac_of_worst,eps_abs,worst_degradation,alpha_star,T,n_seeds
adult,ctgan,fixed,2000,var_ratio,0.05,0.019439899368396425,0.3887979873679285,0.13993518624971535,8,2
adult,ctgan,fixed,2000,var_ratio,0.1,0.03887979873679285,0.3887979873679285,0.12987037249943073,8,2
adult,ctgan,fixed,2000,var_ratio,0.25,0.09719949684198212,0.3887979873679285,0.0996759312485768,8,2
adult,ctgan,fixed,2000,w1,0.05,0.007882167192826948,0.15764334385653894,0.8935070357097371,8,2
adult,ctgan,fixed,2000,w1,0.1,0.015764334385653896,0.15764334385653894,0.7870140714194742,8,2
adult,ctgan,fixed,2000,w1,0.25,0.039410835964134736,0.15764334385653894,0.4810541498016616,8,2
adult,ctgan,fixed,2000,tv_cat,0.05,0.0033942129629629656,0.06788425925925931,0.9073540839151872,8,2
adult,ctgan,fixed,2000,tv_cat,0.1,0.006788425925925931,0.06788425925925931,0.8147081678303744,8,2
adult,ctgan,fixed,2000,tv_cat,0.25,0.016971064814814828,0.06788425925925931,0.5367704195759359,8,2
adult,ctgan,fixed,2000,corr_frob,0.05,0.0020254123455772043,0.04050824691154409,0.9750000000000001,8,2
adult,ctgan,fixed,2000,corr_frob,0.1,0.004050824691154409,0.04050824691154409,0.95,8,2
adult,ctgan,fixed,2000,corr_frob,0.25,0.010127061727886022,0.04050824691154409,0.875,8,2
adult,ctgan,fixed,2000,cat_support,0.05,0.017783505154639178,0.3556701030927835,0.8985294117647058,8,2
adult,ctgan,fixed,2000,cat_support,0.1,0.035567010309278356,0.3556701030927835,0.7970588235294116,8,2
adult,ctgan,fixed,2000,cat_support,0.25,0.08891752577319588,0.3556701030927835,0.4980978260869563,8,2
adult,ctgan,fixed,2000,tstr_auc,0.05,0.0036866942458481434,0.07373388491696287,0.87643812310336,8,2
adult,ctgan,fixed,2000,tstr_auc,0.1,0.007373388491696287,0.07373388491696287,0.75287624620672,8,2
adult,ctgan,fixed,2000,tstr_auc,0.25,0.018433471229240717,0.07373388491696287,0.12258258926214498,8,2
adult,ctgan,fixed,2000,c2st_auc,0.05,2.0067146305374763e-05,0.0004013429261074952,0.48250000000000004,8,2
adult,ctgan,fixed,2000,c2st_auc,0.1,4.0134292610749526e-05,0.0004013429261074952,0.46499999999999997,8,2
adult,ctgan,fixed,2000,c2st_auc,0.25,0.0001003357315268738,0.0004013429261074952,0.4125,8,2
adult,ctgan,fresh,2000,var_ratio,0.05,0.029099304853285282,0.5819860970657056,0.23028151555039733,8,2
adult,ctgan,fresh,2000,var_ratio,0.1,0.058198609706570564,0.5819860970657056,0.14329562456763326,8,2
adult,ctgan,fresh,2000,var_ratio,0.25,0.1454965242664264,0.5819860970657056,0.11465875408812422,8,2
adult,ctgan,fresh,2000,w1,0.05,0.009555245276633382,0.19110490553266762,0.8425252313345872,8,2
adult,ctgan,fresh,2000,w1,0.1,0.019110490553266763,0.19110490553266762,0.6850504626691742,8,2
adult,ctgan,fresh,2000,w1,0.25,0.047776226383166906,0.19110490553266762,0.3976025638526862,8,2
adult,ctgan,fresh,2000,tv_cat,0.05,0.0035653183734107247,0.07130636746821449,0.8339257148650738,8,2
adult,ctgan,fresh,2000,tv_cat,0.1,0.007130636746821449,0.07130636746821449,0.6678514297301478,8,2
adult,ctgan,fresh,2000,tv_cat,0.25,0.017826591867053623,0.07130636746821449,0.41075923120968016,8,2
adult,ctgan,fresh,2000,corr_frob,0.05,0.003866160885122663,0.07732321770245326,0.9465609328663165,8,2
adult,ctgan,fresh,2000,corr_frob,0.1,0.007732321770245326,0.07732321770245326,0.893121865732633,8,2
adult,ctgan,fresh,2000,corr_frob,0.25,0.019330804425613315,0.07732321770245326,0.7328046643315824,8,2
adult,ctgan,fresh,2000,cat_support,0.05,0.019587628865979385,0.3917525773195877,0.8416666666666667,8,2
adult,ctgan,fresh,2000,cat_support,0.1,0.03917525773195877,0.3917525773195877,0.6833333333333333,8,2
adult,ctgan,fresh,2000,cat_support,0.25,0.09793814432989692,0.3917525773195877,0.4467391304347825,8,2
adult,ctgan,fresh,2000,tstr_auc,0.05,0.0040620214254534,0.08124042850906799,0.9025260439405698,8,2
adult,ctgan,fresh,2000,tstr_auc,0.1,0.0081240428509068,0.08124042850906799,0.8050520878811396,8,2
adult,ctgan,fresh,2000,tstr_auc,0.25,0.020310107127266996,0.08124042850906799,0.512630219702849,8,2
adult,ctgan,fresh,2000,c2st_auc,0.05,1.5836440006289364e-05,0.0003167288001257873,0.9658127021828149,8,2
adult,ctgan,fresh,2000,c2st_auc,0.1,3.167288001257873e-05,0.0003167288001257873,0.9316254043656298,8,2
adult,ctgan,fresh,2000,c2st_auc,0.25,7.918220003144683e-05,0.0003167288001257873,0.8290635109140745,8,2
adult,gaussian_copula,fixed,500,var_ratio,0.05,0.004065208390604586,0.08130416781209171,0.3382110897690783,12,3
adult,gaussian_copula,fixed,500,var_ratio,0.1,0.008130416781209172,0.08130416781209171,0.3264221795381566,12,3
adult,gaussian_copula,fixed,500,var_ratio,0.25,0.020326041953022927,0.08130416781209171,0.29105544884539153,12,3
adult,gaussian_copula,fixed,500,w1,0.05,0.007075321958193082,0.14150643916386163,0.7364107159429982,12,3
adult,gaussian_copula,fixed,500,w1,0.1,0.014150643916386164,0.14150643916386163,0.6628031267626707,12,3
adult,gaussian_copula,fixed,500,w1,0.25,0.03537660979096541,0.14150643916386163,0.4088183740081297,12,3
adult,gaussian_copula,fixed,500,tv_cat,0.05,0.004344647134696886,0.08689294269393771,0.8757913701278512,12,3
adult,gaussian_copula,fixed,500,tv_cat,0.1,0.008689294269393771,0.08689294269393771,0.7515827402557025,12,3
adult,gaussian_copula,fixed,500,tv_cat,0.25,0.02172323567348443,0.08689294269393771,0.37210278412535536,12,3
adult,gaussian_copula,fixed,500,corr_frob,0.05,0.006635497451764722,0.13270994903529443,0.9120803419719006,12,3
adult,gaussian_copula,fixed,500,corr_frob,0.1,0.013270994903529443,0.13270994903529443,0.8241606839438013,12,3
adult,gaussian_copula,fixed,500,corr_frob,0.25,0.03317748725882361,0.13270994903529443,0.6323777558639301,12,3
adult,gaussian_copula,fixed,500,cat_support,0.05,0.010309278350515467,0.20618556701030932,0.8749999999999996,12,3
adult,gaussian_copula,fixed,500,cat_support,0.1,0.020618556701030934,0.20618556701030932,0.7499999999999993,12,3
adult,gaussian_copula,fixed,500,cat_support,0.25,0.05154639175257733,0.20618556701030932,0.5000000000000002,12,3
adult,gaussian_copula,fixed,500,tstr_auc,0.05,0.016549334835880114,0.3309866967176023,0.9541693387435779,12,3
adult,gaussian_copula,fixed,500,tstr_auc,0.1,0.03309866967176023,0.3309866967176023,0.9083386774871558,12,3
adult,gaussian_copula,fixed,500,tstr_auc,0.25,0.08274667417940057,0.3309866967176023,0.7708466937178895,12,3
adult,gaussian_copula,fixed,500,c2st_auc,0.05,0.003938788128478155,0.07877576256956309,0.9153801017619636,12,3
adult,gaussian_copula,fixed,500,c2st_auc,0.1,0.00787757625695631,0.07877576256956309,0.8307602035239271,12,3
adult,gaussian_copula,fixed,500,c2st_auc,0.25,0.019693940642390773,0.07877576256956309,0.4472906098516872,12,3
adult,gaussian_copula,fixed,2000,var_ratio,0.05,0.005063711227794221,0.10127422455588442,0.30329668561717954,12,3
adult,gaussian_copula,fixed,2000,var_ratio,0.1,0.010127422455588442,0.10127422455588442,0.2565933712343591,12,3
adult,gaussian_copula,fixed,2000,var_ratio,0.25,0.025318556138971104,0.10127422455588442,0.15351287769845676,12,3
adult,gaussian_copula,fixed,2000,w1,0.05,0.00317481465880808,0.0634962931761616,0.6832978226014805,12,3
adult,gaussian_copula,fixed,2000,w1,0.1,0.00634962931761616,0.0634962931761616,0.6165956452029611,12,3
adult,gaussian_copula,fixed,2000,w1,0.25,0.0158740732940404,0.0634962931761616,0.3579516344934697,12,3
adult,gaussian_copula,fixed,2000,tv_cat,0.05,0.001859635848535101,0.03719271697070202,0.859196331408001,12,3
adult,gaussian_copula,fixed,2000,tv_cat,0.1,0.003719271697070202,0.03719271697070202,0.7187444598887296,12,3
adult,gaussian_copula,fixed,2000,tv_cat,0.25,0.009298179242675505,0.03719271697070202,0.43531954634304987,12,3
adult,gaussian_copula,fixed,2000,corr_frob,0.05,0.004839898297565967,0.09679796595131933,0.836470270950385,12,3
adult,gaussian_copula,fixed,2000,corr_frob,0.1,0.009679796595131934,0.09679796595131933,0.7331429014628905,12,3
adult,gaussian_copula,fixed,2000,corr_frob,0.25,0.024199491487829832,0.09679796595131933,0.62582433897885,12,3
adult,gaussian_copula,fixed,2000,cat_support,0.05,0.00859106529209623,0.17182130584192457,0.6458333333333334,12,3
adult,gaussian_copula,fixed,2000,cat_support,0.1,0.01718213058419246,0.17182130584192457,0.5416666666666669,12,3
adult,gaussian_copula,fixed,2000,cat_support,0.25,0.04295532646048114,0.17182130584192457,0.4426470588235294,12,3
adult,gaussian_copula,fixed,2000,tstr_auc,0.05,0.014074450567954911,0.2814890113590982,0.8312453160408115,12,3
adult,gaussian_copula,fixed,2000,tstr_auc,0.1,0.028148901135909822,0.2814890113590982,0.6870115801263037,12,3
adult,gaussian_copula,fixed,2000,tstr_auc,0.25,0.07037225283977455,0.2814890113590982,0.4408697689317471,12,3
adult,gaussian_copula,fixed,2000,c2st_auc,0.05,0.00083085666085021,0.0166171332170042,0.9122097566124715,12,3
adult,gaussian_copula,fixed,2000,c2st_auc,0.1,0.00166171332170042,0.0166171332170042,0.824419513224943,12,3
adult,gaussian_copula,fixed,2000,c2st_auc,0.25,0.00415428330425105,0.0166171332170042,0.22894469168464932,12,3
adult,gaussian_copula,fixed,8000,var_ratio,0.05,0.005037010270133874,0.10074020540267747,0.9547424386679888,12,3
adult,gaussian_copula,fixed,8000,var_ratio,0.1,0.010074020540267748,0.10074020540267747,0.9094848773359776,12,3
adult,gaussian_copula,fixed,8000,var_ratio,0.25,0.02518505135066937,0.10074020540267747,0.773712193339944,12,3
adult,gaussian_copula,fixed,8000,w1,0.05,0.001479164819324105,0.029583296386482095,0.9228130359770448,12,3
adult,gaussian_copula,fixed,8000,w1,0.1,0.00295832963864821,0.029583296386482095,0.8456260719540895,12,3
adult,gaussian_copula,fixed,8000,w1,0.25,0.007395824096620524,0.029583296386482095,0.3230480261887233,12,3
adult,gaussian_copula,fixed,8000,tv_cat,0.05,0.0010360693638290033,0.020721387276580065,0.8483734489976845,12,3
adult,gaussian_copula,fixed,8000,tv_cat,0.1,0.0020721387276580066,0.020721387276580065,0.4553580097821893,12,3
adult,gaussian_copula,fixed,8000,tv_cat,0.25,0.005180346819145016,0.020721387276580065,0.3408456797241808,12,3
adult,gaussian_copula,fixed,8000,corr_frob,0.05,0.003924368223323156,0.07848736446646312,0.5750454984810551,12,3
adult,gaussian_copula,fixed,8000,corr_frob,0.1,0.007848736446646312,0.07848736446646312,0.47999652657689335,12,3
adult,gaussian_copula,fixed,8000,corr_frob,0.25,0.01962184111661578,0.07848736446646312,0.3749099693606276,12,3
adult,gaussian_copula,fixed,8000,cat_support,0.05,0.00670103092783505,0.134020618556701,0.9024999999999996,12,3
adult,gaussian_copula,fixed,8000,cat_support,0.1,0.0134020618556701,0.134020618556701,0.8049999999999994,12,3
adult,gaussian_copula,fixed,8000,cat_support,0.25,0.03350515463917525,0.134020618556701,0.4221153846153848,12,3
adult,gaussian_copula,fixed,8000,tstr_auc,0.05,0.018321992877239405,0.3664398575447881,0.8866952557536322,12,3
adult,gaussian_copula,fixed,8000,tstr_auc,0.1,0.03664398575447881,0.3664398575447881,0.7733905115072643,12,3
adult,gaussian_copula,fixed,8000,tstr_auc,0.25,0.09160996438619702,0.3664398575447881,0.42697647117529963,12,3
adult,gaussian_copula,fixed,8000,c2st_auc,0.05,0.0005322288810262809,0.01064457762052562,0.9559134359662446,12,3
adult,gaussian_copula,fixed,8000,c2st_auc,0.1,0.0010644577620525619,0.01064457762052562,0.9118268719324891,12,3
adult,gaussian_copula,fixed,8000,c2st_auc,0.25,0.002661144405131405,0.01064457762052562,0.779567179831223,12,3
adult,gaussian_copula,fresh,2000,var_ratio,0.05,0.002099096663141703,0.04198193326283406,0.48916264311399027,12,3
adult,gaussian_copula,fresh,2000,var_ratio,0.1,0.004198193326283406,0.04198193326283406,0.47832528622798043,12,3
adult,gaussian_copula,fresh,2000,var_ratio,0.25,0.010495483315708515,0.04198193326283406,0.4458132155699512,12,3
adult,gaussian_copula,fresh,2000,w1,0.05,0.0020061389543400633,0.040122779086801265,0.34980306392934024,12,3
adult,gaussian_copula,fresh,2000,w1,0.1,0.004012277908680127,0.040122779086801265,0.2891849266820175,12,3
adult,gaussian_copula,fresh,2000,w1,0.25,0.010030694771700316,0.040122779086801265,0.16930206043190785,12,3
adult,gaussian_copula,fresh,2000,tv_cat,0.05,0.0022690367606412374,0.04538073521282475,0.876885229101889,12,3
adult,gaussian_copula,fresh,2000,tv_cat,0.1,0.004538073521282475,0.04538073521282475,0.7537704582037781,12,3
adult,gaussian_copula,fresh,2000,tv_cat,0.25,0.011345183803206187,0.04538073521282475,0.14783203109984705,12,3
adult,gaussian_copula,fresh,2000,corr_frob,0.05,0.0045871663397420255,0.0917433267948405,0.8962478141602812,12,3
adult,gaussian_copula,fresh,2000,corr_frob,0.1,0.009174332679484051,0.0917433267948405,0.7924956283205625,12,3
adult,gaussian_copula,fresh,2000,corr_frob,0.25,0.022935831698710125,0.0917433267948405,0.34874344296199056,12,3
adult,gaussian_copula,fresh,2000,cat_support,0.05,0.011512027491408939,0.23024054982817876,0.44125,12,3
adult,gaussian_copula,fresh,2000,cat_support,0.1,0.023024054982817878,0.23024054982817876,0.3575000000000001,12,3
adult,gaussian_copula,fresh,2000,cat_support,0.25,0.05756013745704469,0.23024054982817876,0.2170454545454545,12,3
adult,gaussian_copula,fresh,2000,tstr_auc,0.05,0.014506479208482696,0.2901295841696539,0.721597291392372,12,3
adult,gaussian_copula,fresh,2000,tstr_auc,0.1,0.02901295841696539,0.2901295841696539,0.6303537283974917,12,3
adult,gaussian_copula,fresh,2000,tstr_auc,0.25,0.07253239604241347,0.2901295841696539,0.2879630738983301,12,3
adult,gaussian_copula,fresh,2000,c2st_auc,0.05,0.0009197164368922595,0.01839432873784519,0.9525091234868944,12,3
adult,gaussian_copula,fresh,2000,c2st_auc,0.1,0.001839432873784519,0.01839432873784519,0.9050182469737889,12,3
adult,gaussian_copula,fresh,2000,c2st_auc,0.25,0.004598582184461297,0.01839432873784519,0.7625456174344721,12,3
adult,tvae,fixed,2000,var_ratio,0.05,0.012144358760921854,0.24288717521843706,0.9654977407226882,8,2
adult,tvae,fixed,2000,var_ratio,0.1,0.02428871752184371,0.24288717521843706,0.9309954814453765,8,2
adult,tvae,fixed,2000,var_ratio,0.25,0.060721793804609264,0.24288717521843706,0.8274887036134412,8,2
adult,tvae,fixed,2000,w1,0.05,0.0003691771308900971,0.007383542617801941,0.11755437378600292,8,2
adult,tvae,fixed,2000,w1,0.1,0.0007383542617801942,0.007383542617801941,0.08510874757200584,8,2
adult,tvae,fixed,2000,w1,0.25,0.0018458856544504854,0.007383542617801941,0.04433168963018145,8,2
adult,tvae,fixed,2000,tv_cat,0.05,0.0025650480237700405,0.05130096047540081,0.9413466157049994,8,2
adult,tvae,fixed,2000,tv_cat,0.1,0.005130096047540081,0.05130096047540081,0.882693231409999,8,2
adult,tvae,fixed,2000,tv_cat,0.25,0.012825240118850202,0.05130096047540081,0.7067330785249974,8,2
adult,tvae,fixed,2000,corr_frob,0.05,0.0018080942492042147,0.03616188498408429,0.12569036273045348,8,2
adult,tvae,fixed,2000,corr_frob,0.1,0.0036161884984084293,0.03616188498408429,0.1013807254609069,8,2
adult,tvae,fixed,2000,corr_frob,0.25,0.009040471246021073,0.03616188498408429,0.0472101772230444,8,2
adult,tvae,fixed,2000,cat_support,0.05,0.01108247422680413,0.22164948453608257,0.9173076923076923,8,2
adult,tvae,fixed,2000,cat_support,0.1,0.02216494845360826,0.22164948453608257,0.8346153846153845,8,2
adult,tvae,fixed,2000,cat_support,0.25,0.055412371134020644,0.22164948453608257,0.5865384615384612,8,2
adult,tvae,fixed,2000,tstr_auc,0.05,0.0065817321895689845,0.13163464379137968,0.22084834356177505,8,2
adult,tvae,fixed,2000,tstr_auc,0.1,0.013163464379137969,0.13163464379137968,0.11111619711954915,8,2
adult,tvae,fixed,2000,tstr_auc,0.25,0.03290866094784492,0.13163464379137968,0.045043184806773266,8,2
adult,tvae,fixed,2000,c2st_auc,0.05,9.004506755616593e-07,1.8009013511233185e-05,0.9666666666667352,8,2
adult,tvae,fixed,2000,c2st_auc,0.1,1.8009013511233186e-06,1.8009013511233185e-05,0.9333333333334703,8,2
adult,tvae,fixed,2000,c2st_auc,0.25,4.502253377808296e-06,1.8009013511233185e-05,0.8333333333336759,8,2
adult,tvae,fresh,2000,var_ratio,0.05,0.008204072501642878,0.16408145003285757,0.927109772033935,8,2
adult,tvae,fresh,2000,var_ratio,0.1,0.016408145003285756,0.16408145003285757,0.85421954406787,8,2
adult,tvae,fresh,2000,var_ratio,0.25,0.04102036250821439,0.16408145003285757,0.6355488601696753,8,2
adult,tvae,fresh,2000,w1,0.05,0.0012373443664112597,0.024746887328225192,0.9259503089653554,8,2
adult,tvae,fresh,2000,w1,0.1,0.0024746887328225193,0.024746887328225192,0.8519006179307105,8,2
adult,tvae,fresh,2000,w1,0.25,0.006186721832056298,0.024746887328225192,0.6297515448267763,8,2
adult,tvae,fresh,2000,tv_cat,0.05,0.0024032087824765076,0.048064175649530146,0.8700191443798309,8,2
adult,tvae,fresh,2000,tv_cat,0.1,0.004806417564953015,0.048064175649530146,0.7400382887596617,8,2
adult,tvae,fresh,2000,tv_cat,0.25,0.012016043912382536,0.048064175649530146,0.35959854858671647,8,2
adult,tvae,fresh,2000,corr_frob,0.05,0.0020495968029012393,0.040991936058024786,0.145,8,2
adult,tvae,fresh,2000,corr_frob,0.1,0.004099193605802479,0.040991936058024786,0.14,8,2
adult,tvae,fresh,2000,corr_frob,0.25,0.010247984014506197,0.040991936058024786,0.125,8,2
adult,tvae,fresh,2000,cat_support,0.05,0.009536082474226805,0.19072164948453607,0.9288461538461539,8,2
adult,tvae,fresh,2000,cat_support,0.1,0.01907216494845361,0.19072164948453607,0.8576923076923076,8,2
adult,tvae,fresh,2000,cat_support,0.25,0.04768041237113402,0.19072164948453607,0.6442307692307692,8,2
adult,tvae,fresh,2000,tstr_auc,0.05,0.014198690088318333,0.28397380176636666,0.14500000000000002,8,2
adult,tvae,fresh,2000,tstr_auc,0.1,0.028397380176636667,0.28397380176636666,0.13999999999999999,8,2
adult,tvae,fresh,2000,tstr_auc,0.25,0.07099345044159167,0.28397380176636666,0.125,8,2
adult,tvae,fresh,2000,c2st_auc,0.05,7.503755629079123e-08,1.5007511258158246e-06,0.975,8,2
adult,tvae,fresh,2000,c2st_auc,0.1,1.5007511258158246e-07,1.5007511258158246e-06,0.95,8,2
adult,tvae,fresh,2000,c2st_auc,0.25,3.7518778145395615e-07,1.5007511258158246e-06,0.875,8,2
bank-marketing,gaussian_copula,fixed,2000,var_ratio,0.05,0.04755481206743234,0.9510962413486468,0.9875,12,3
bank-marketing,gaussian_copula,fixed,2000,var_ratio,0.1,0.09510962413486468,0.9510962413486468,0.975,12,3
bank-marketing,gaussian_copula,fixed,2000,var_ratio,0.25,0.2377740603371617,0.9510962413486468,0.9375,12,3
bank-marketing,gaussian_copula,fixed,2000,w1,0.05,0.002716517805254572,0.05433035610509144,0.6986515044451291,12,3
bank-marketing,gaussian_copula,fixed,2000,w1,0.1,0.005433035610509144,0.05433035610509144,0.6420114243809634,12,3
bank-marketing,gaussian_copula,fixed,2000,w1,0.25,0.01358258902627286,0.05433035610509144,0.475652735085362,12,3
bank-marketing,gaussian_copula,fixed,2000,tv_cat,0.05,0.001676047055016975,0.0335209411003395,0.8481533048360119,12,3
bank-marketing,gaussian_copula,fixed,2000,tv_cat,0.1,0.00335209411003395,0.0335209411003395,0.6317396318071823,12,3
bank-marketing,gaussian_copula,fixed,2000,tv_cat,0.25,0.008380235275084875,0.0335209411003395,0.34726562957351126,12,3
bank-marketing,gaussian_copula,fixed,2000,corr_frob,0.05,0.01665799565360476,0.3331599130720952,0.857436570709398,12,3
bank-marketing,gaussian_copula,fixed,2000,corr_frob,0.1,0.03331599130720952,0.3331599130720952,0.732373071954338,12,3
bank-marketing,gaussian_copula,fixed,2000,corr_frob,0.25,0.0832899782680238,0.3331599130720952,0.5177547931032145,12,3
bank-marketing,gaussian_copula,fixed,2000,cat_support,0.05,0.0011363636363636409,0.022727272727272818,0.9625000000000004,12,3
bank-marketing,gaussian_copula,fixed,2000,cat_support,0.1,0.0022727272727272817,0.022727272727272818,0.9250000000000007,12,3
bank-marketing,gaussian_copula,fixed,2000,cat_support,0.25,0.0056818181818182045,0.022727272727272818,0.8125000000000018,12,3
bank-marketing,gaussian_copula,fixed,2000,tstr_auc,0.05,0.008403574716140328,0.16807149432280655,0.6547331717995464,12,3
bank-marketing,gaussian_copula,fixed,2000,tstr_auc,0.1,0.016807149432280656,0.16807149432280655,0.5594663435990928,12,3
bank-marketing,gaussian_copula,fixed,2000,tstr_auc,0.25,0.04201787358070164,0.16807149432280655,0.4282921044054151,12,3
bank-marketing,gaussian_copula,fixed,2000,c2st_auc,0.05,0.0036310409116884325,0.07262081823376865,0.7334993866790214,12,3
bank-marketing,gaussian_copula,fixed,2000,c2st_auc,0.1,0.007262081823376865,0.07262081823376865,0.6885273679042252,12,3
bank-marketing,gaussian_copula,fixed,2000,c2st_auc,0.25,0.018155204558442162,0.07262081823376865,0.5536113115798366,12,3
bank-marketing,gaussian_copula,fresh,2000,var_ratio,0.05,0.09212099117626978,1.8424198235253955,0.9507925302140845,12,3
bank-marketing,gaussian_copula,fresh,2000,var_ratio,0.1,0.18424198235253955,1.8424198235253955,0.901585060428169,12,3
bank-marketing,gaussian_copula,fresh,2000,var_ratio,0.25,0.46060495588134887,1.8424198235253955,0.7539626510704224,12,3
bank-marketing,gaussian_copula,fresh,2000,w1,0.05,0.0028727033541707447,0.05745406708341489,0.8950031280934875,12,3
bank-marketing,gaussian_copula,fresh,2000,w1,0.1,0.005745406708341489,0.05745406708341489,0.7900062561869751,12,3
bank-marketing,gaussian_copula,fresh,2000,w1,0.25,0.014363516770853723,0.05745406708341489,0.17841826788509776,12,3
bank-marketing,gaussian_copula,fresh,2000,tv_cat,0.05,0.0018811383677163813,0.037622767354327624,0.23006741465945163,12,3
bank-marketing,gaussian_copula,fresh,2000,tv_cat,0.1,0.0037622767354327626,0.037622767354327624,0.1624763400576996,12,3
bank-marketing,gaussian_copula,fresh,2000,tv_cat,0.25,0.009405691838581906,0.037622767354327624,0.06389523174054931,12,3
bank-marketing,gaussian_copula,fresh,2000,corr_frob,0.05,0.017040541422671928,0.3408108284534386,0.7125896272502215,12,3
bank-marketing,gaussian_copula,fresh,2000,corr_frob,0.1,0.034081082845343856,0.3408108284534386,0.646557953876975,12,3
bank-marketing,gaussian_copula,fresh,2000,corr_frob,0.25,0.08520270711335964,0.3408108284534386,0.47014905481948077,12,3
bank-marketing,gaussian_copula,fresh,2000,cat_support,0.05,0.0007575757575757625,0.015151515151515249,0.0975,12,3
bank-marketing,gaussian_copula,fresh,2000,cat_support,0.1,0.001515151515151525,0.015151515151515249,0.095,12,3
bank-marketing,gaussian_copula,fresh,2000,cat_support,0.25,0.0037878787878788123,0.015151515151515249,0.08750000000000001,12,3
bank-marketing,gaussian_copula,fresh,2000,tstr_auc,0.05,0.007748911100247436,0.1549782220049487,0.6812197453478495,12,3
bank-marketing,gaussian_copula,fresh,2000,tstr_auc,0.1,0.015497822200494872,0.1549782220049487,0.612439490695699,12,3
bank-marketing,gaussian_copula,fresh,2000,tstr_auc,0.25,0.03874455550123718,0.1549782220049487,0.2714163560121703,12,3
bank-marketing,gaussian_copula,fresh,2000,c2st_auc,0.05,0.0034326867066231895,0.06865373413246378,0.664227606650937,12,3
bank-marketing,gaussian_copula,fresh,2000,c2st_auc,0.1,0.006865373413246379,0.06865373413246378,0.5784552133018742,12,3
bank-marketing,gaussian_copula,fresh,2000,c2st_auc,0.25,0.017163433533115946,0.06865373413246378,0.40076706051165256,12,3
credit-g,gaussian_copula,fixed,500,var_ratio,0.05,0.004189962887062093,0.08379925774124186,0.4755393975728299,12,3
credit-g,gaussian_copula,fixed,500,var_ratio,0.1,0.008379925774124187,0.08379925774124186,0.45107879514565985,12,3
credit-g,gaussian_copula,fixed,500,var_ratio,0.25,0.020949814435310465,0.08379925774124186,0.3776969878641497,12,3
credit-g,gaussian_copula,fixed,500,w1,0.05,0.005397281303343281,0.10794562606686563,0.875049286216337,12,3
credit-g,gaussian_copula,fixed,500,w1,0.1,0.010794562606686563,0.10794562606686563,0.7500985724326742,12,3
credit-g,gaussian_copula,fixed,500,w1,0.25,0.026986406516716407,0.10794562606686563,0.3734392294437801,12,3
credit-g,gaussian_copula,fixed,500,tv_cat,0.05,0.0027012820512820513,0.05402564102564102,0.8763497652582163,12,3
credit-g,gaussian_copula,fixed,500,tv_cat,0.1,0.0054025641025641025,0.05402564102564102,0.7526995305164326,12,3
credit-g,gaussian_copula,fixed,500,tv_cat,0.25,0.013506410256410256,0.05402564102564102,0.3861491354466857,12,3
credit-g,gaussian_copula,fixed,500,corr_frob,0.05,0.008607404700590331,0.1721480940118066,0.9389376598878703,12,3
credit-g,gaussian_copula,fixed,500,corr_frob,0.1,0.017214809401180663,0.1721480940118066,0.8778753197757405,12,3
credit-g,gaussian_copula,fixed,500,corr_frob,0.25,0.04303702350295165,0.1721480940118066,0.5109933242376272,12,3
credit-g,gaussian_copula,fixed,500,cat_support,0.05,0.00246913580246913,0.0493827160493826,0.8999999999999989,12,3
credit-g,gaussian_copula,fixed,500,cat_support,0.1,0.00493827160493826,0.0493827160493826,0.7999999999999977,12,3
credit-g,gaussian_copula,fixed,500,cat_support,0.25,0.01234567901234565,0.0493827160493826,0.34999999999999964,12,3
credit-g,gaussian_copula,fixed,500,tstr_auc,0.05,0.007838293650793643,0.15676587301587286,0.49944901315789436,12,3
credit-g,gaussian_copula,fixed,500,tstr_auc,0.1,0.015676587301587285,0.15676587301587286,0.47779057017543825,12,3
credit-g,gaussian_copula,fixed,500,tstr_auc,0.25,0.039191468253968215,0.15676587301587286,0.4128152412280699,12,3
credit-g,gaussian_copula,fixed,500,c2st_auc,0.05,0.011878371972490932,0.23756743944981862,0.8401098720809316,12,3
credit-g,gaussian_copula,fixed,500,c2st_auc,0.1,0.023756743944981864,0.23756743944981862,0.45519623491135425,12,3
credit-g,gaussian_copula,fixed,500,c2st_auc,0.25,0.059391859862454655,0.23756743944981862,0.3879905872783857,12,3
credit-g,gaussian_copula,fixed,2000,var_ratio,0.05,0.0007355437898920903,0.014710875797841805,0.7202482980349901,12,3
credit-g,gaussian_copula,fixed,2000,var_ratio,0.1,0.0014710875797841806,0.014710875797841805,0.6904965960699804,12,3
credit-g,gaussian_copula,fixed,2000,var_ratio,0.25,0.003677718949460451,0.014710875797841805,0.6012414901749508,12,3
credit-g,gaussian_copula,fixed,2000,w1,0.05,0.0014802503512343801,0.029605007024687602,0.45517753162407654,12,3
credit-g,gaussian_copula,fixed,2000,w1,0.1,0.0029605007024687603,0.029605007024687602,0.4103550632481531,12,3
credit-g,gaussian_copula,fixed,2000,w1,0.25,0.0074012517561719005,0.029605007024687602,0.08750000000000001,12,3
credit-g,gaussian_copula,fixed,2000,tv_cat,0.05,0.0012846153846153834,0.025692307692307667,0.8901315789473688,12,3
credit-g,gaussian_copula,fixed,2000,tv_cat,0.1,0.002569230769230767,0.025692307692307667,0.7802631578947377,12,3
credit-g,gaussian_copula,fixed,2000,tv_cat,0.25,0.006423076923076917,0.025692307692307667,0.09791666666666678,12,3
credit-g,gaussian_copula,fixed,2000,corr_frob,0.05,0.007481019092534087,0.14962038185068174,0.9068877882732543,12,3
credit-g,gaussian_copula,fixed,2000,corr_frob,0.1,0.014962038185068175,0.14962038185068174,0.8137755765465087,12,3
credit-g,gaussian_copula,fixed,2000,corr_frob,0.25,0.037405095462670436,0.14962038185068174,0.34323716064464876,12,3
credit-g,gaussian_copula,fixed,2000,cat_support,0.05,0.0009259259259259246,0.01851851851851849,0.09249999999999992,12,3
credit-g,gaussian_copula,fixed,2000,cat_support,0.1,0.001851851851851849,0.01851851851851849,0.08499999999999983,12,3
credit-g,gaussian_copula,fixed,2000,cat_support,0.25,0.0046296296296296224,0.01851851851851849,0.062499999999999556,12,3
credit-g,gaussian_copula,fixed,2000,tstr_auc,0.05,0.005134920634920637,0.10269841269841273,0.5532679738562105,12,3
credit-g,gaussian_copula,fixed,2000,tstr_auc,0.1,0.010269841269841274,0.10269841269841273,0.48435344827586213,12,3
credit-g,gaussian_copula,fixed,2000,tstr_auc,0.25,0.025674603174603183,0.10269841269841273,0.421605603448276,12,3
credit-g,gaussian_copula,fixed,2000,c2st_auc,0.05,0.007625542572078548,0.15251085144157095,0.4981360721129397,12,3
credit-g,gaussian_copula,fixed,2000,c2st_auc,0.1,0.015251085144157095,0.15251085144157095,0.45837765437409517,12,3
credit-g,gaussian_copula,fixed,2000,c2st_auc,0.25,0.03812771286039274,0.15251085144157095,0.34155440218214883,12,3
credit-g,gaussian_copula,fresh,500,var_ratio,0.05,0.004489027928682255,0.08978055857364509,0.0975,12,3
credit-g,gaussian_copula,fresh,500,var_ratio,0.1,0.00897805585736451,0.08978055857364509,0.095,12,3
credit-g,gaussian_copula,fresh,500,var_ratio,0.25,0.02244513964341127,0.08978055857364509,0.08750000000000001,12,3
credit-g,gaussian_copula,fresh,500,w1,0.05,0.004223415290895907,0.08446830581791813,0.3222831031753191,12,3
credit-g,gaussian_copula,fresh,500,w1,0.1,0.008446830581791813,0.08446830581791813,0.29456620635063824,12,3
credit-g,gaussian_copula,fresh,500,w1,0.25,0.021117076454479532,0.08446830581791813,0.2114155158765956,12,3
credit-g,gaussian_copula,fresh,500,tv_cat,0.05,0.002094871794871794,0.04189743589743588,0.3339329268292681,12,3
credit-g,gaussian_copula,fresh,500,tv_cat,0.1,0.004189743589743588,0.04189743589743588,0.30902439024390227,12,3
credit-g,gaussian_copula,fresh,500,tv_cat,0.25,0.01047435897435897,0.04189743589743588,0.23429878048780461,12,3
credit-g,gaussian_copula,fresh,500,corr_frob,0.05,0.007577321708816708,0.15154643417633415,0.8287743324949264,12,3
credit-g,gaussian_copula,fresh,500,corr_frob,0.1,0.015154643417633416,0.15154643417633415,0.4193650125874793,12,3
credit-g,gaussian_copula,fresh,500,corr_frob,0.25,0.03788660854408354,0.15154643417633415,0.2928109202188014,12,3
credit-g,gaussian_copula,fresh,500,cat_support,0.05,0.002160493827160498,0.04320987654320996,0.9124999999999986,12,3
credit-g,gaussian_copula,fresh,500,cat_support,0.1,0.004320987654320996,0.04320987654320996,0.8249999999999973,12,3
credit-g,gaussian_copula,fresh,500,cat_support,0.25,0.01080246913580249,0.04320987654320996,0.11250000000000024,12,3
credit-g,gaussian_copula,fresh,500,tstr_auc,0.05,0.008499999999999999,0.16999999999999998,0.708208955223883,12,3
credit-g,gaussian_copula,fresh,500,tstr_auc,0.1,0.016999999999999998,0.16999999999999998,0.46898172323759774,12,3
credit-g,gaussian_copula,fresh,500,tstr_auc,0.25,0.042499999999999996,0.16999999999999998,0.07155172413793112,12,3
credit-g,gaussian_copula,fresh,500,c2st_auc,0.05,0.012421272200733103,0.24842544401466204,0.6659897792378866,12,3
credit-g,gaussian_copula,fresh,500,c2st_auc,0.1,0.024842544401466205,0.24842544401466204,0.5783808662254597,12,3
credit-g,gaussian_copula,fresh,500,c2st_auc,0.25,0.06210636100366551,0.24842544401466204,0.18726896970856904,12,3
credit-g,gaussian_copula,fresh,2000,var_ratio,0.05,0.003470922664459553,0.06941845328919105,0.9780714859105786,12,3
credit-g,gaussian_copula,fresh,2000,var_ratio,0.1,0.006941845328919106,0.06941845328919105,0.956142971821157,12,3
credit-g,gaussian_copula,fresh,2000,var_ratio,0.25,0.017354613322297763,0.06941845328919105,0.8903574295528927,12,3
credit-g,gaussian_copula,fresh,2000,w1,0.05,0.0023954586544883273,0.04790917308976654,0.9470789065131602,12,3
credit-g,gaussian_copula,fresh,2000,w1,0.1,0.004790917308976655,0.04790917308976654,0.8941578130263204,12,3
credit-g,gaussian_copula,fresh,2000,w1,0.25,0.011977293272441635,0.04790917308976654,0.4892681203915701,12,3
credit-g,gaussian_copula,fresh,2000,tv_cat,0.05,0.0009250000000000022,0.018500000000000044,0.30394680851063854,12,3
credit-g,gaussian_copula,fresh,2000,tv_cat,0.1,0.0018500000000000044,0.018500000000000044,0.25789361702127706,12,3
credit-g,gaussian_copula,fresh,2000,tv_cat,0.25,0.004625000000000011,0.018500000000000044,0.11834415584415629,12,3
credit-g,gaussian_copula,fresh,2000,corr_frob,0.05,0.005882184287239998,0.11764368574479994,0.5356154930314492,12,3
credit-g,gaussian_copula,fresh,2000,corr_frob,0.1,0.011764368574479996,0.11764368574479994,0.38994299940661237,12,3
credit-g,gaussian_copula,fresh,2000,corr_frob,0.25,0.029410921436199985,0.11764368574479994,0.2686703844648348,12,3
credit-g,gaussian_copula,fresh,2000,cat_support,0.05,0.0,0.0,0.0,12,3
credit-g,gaussian_copula,fresh,2000,cat_support,0.1,0.0,0.0,0.0,12,3
credit-g,gaussian_copula,fresh,2000,cat_support,0.25,0.0,0.0,0.0,12,3
credit-g,gaussian_copula,fresh,2000,tstr_auc,0.05,0.00653968253968254,0.1307936507936508,0.7187878787878788,12,3
credit-g,gaussian_copula,fresh,2000,tstr_auc,0.1,0.01307936507936508,0.1307936507936508,0.6875757575757576,12,3
credit-g,gaussian_copula,fresh,2000,tstr_auc,0.25,0.0326984126984127,0.1307936507936508,0.593939393939394,12,3
credit-g,gaussian_copula,fresh,2000,c2st_auc,0.05,0.008964608961824383,0.17929217923648766,0.6399538353489337,12,3
credit-g,gaussian_copula,fresh,2000,c2st_auc,0.1,0.017929217923648766,0.17929217923648766,0.5034650610389758,12,3
credit-g,gaussian_copula,fresh,2000,c2st_auc,0.25,0.044823044809121915,0.17929217923648766,0.22733537743210966,12,3
