dataset,synth,regime,alpha,seed,generation,n,wallclock_sec,peak_mem_mb,gen0_shared,mean_shift,var_ratio,w1,tv_cat,corr_frob,cat_support,coverage,c2st_auc,tstr_auc,trtr_auc,n_nan_metrics,ctgan_lost_support,status,error,run_ts
adult,ctgan,fixed,0.0,0,0,2000,744.6599,48.78,True,0.017444978121430383,0.802800265180732,0.14833364373984456,0.0380316818684356,0.4841840632668949,0.845360824742268,0.8025,0.9998575737681449,0.7914759689767974,0.8976610190471932,0,10,ok,,2026-07-20T16:48:46.112027+00:00
adult,ctgan,fixed,0.0,0,1,2000,41.8845,49.72,False,0.0633444320203392,0.8892583008863327,0.1682713932597113,0.043230686843559976,0.5386726704736913,0.6907216494845361,0.76775,0.9993989784240837,0.7136052560114439,0.8976610190471932,0,10,ok,,2026-07-20T18:40:36.416536+00:00,False,20000
adult,ctgan,fixed,0.0,0,2,2000,36.8405,50.26,False,0.10055441569414571,1.068508529529459,0.17766924876900314,0.06283295328911,0.5938527630292667,0.5876288659793815,0.76675,0.9998927075445039,0.7056478139793236,0.8976610190471932,0,7,ok,,2026-07-20T18:40:36.416536+00:00,False,20000
adult,ctgan,fixed,0.0,0,3,2000,41.0354,49.84,False,0.12834055287156176,1.143273036652933,0.1930017808000026,0.061025117468214485,0.4876325998092253,0.5257731958762887,0.7575,0.9998694965270897,0.7122671322393712,0.8976610190471932,0,4,ok,,2026-07-20T18:40:36.416536+00:00,False,20000
adult,ctgan,fixed,0.0,0,4,2000,44.9968,49.81,False,0.14620922631620467,1.199080404798574,0.20685280214950086,0.07888381011608624,0.46580793706493406,0.4845360824742268,0.73525,0.9999475040856151,0.6857307534601608,0.8976610190471932,0,4,ok,,2026-07-20T18:40:36.416536+00:00,False,20000
adult,ctgan,fixed,0.0,0,5,2000,40.9995,49.8,False,0.16048007622394894,1.2419081817012447,0.22374055232441803,0.08324847982310668,0.48493829477309247,0.4742268041237113,0.71925,0.999825541056612,0.7100146561252362,0.8976610190471932,0,3,ok,,2026-07-20T18:40:36.416536+00:00,False,20000
adult,ctgan,fixed,0.0,0,6,2000,48.3509,49.79,False,0.1137871921589058,1.3808820618602293,0.22303013375880587,0.09595232172470979,0.43656539748436335,0.4742268041237113,0.698,0.9999557289667856,0.7128269157110856,0.8976610190471932,0,1,ok,,2026-07-20T18:40:36.416536+00:00,False,20000
adult,ctgan,fixed,0.0,0,7,2000,40.1841,49.79,False,0.1651771221709553,1.7341741198604812,0.28595830414788226,0.09028258015478165,0.4158762668693894,0.4536082474226804,0.731,0.9999497315872862,0.6296487499677098,0.8976610190471932,0,2,ok,,2026-07-20T18:40:36.416536+00:00,False,20000
adult,ctgan,fixed,0.0,0,8,2000,44.1616,49.78,False,0.14236379507829547,1.6485123842332516,0.29004623710992544,0.0969554311774461,0.3972380126773015,0.44329896907216493,0.7285,0.999657843368297,0.6996555804013107,0.8976610190471932,0,1,ok,,2026-07-20T18:40:36.416536+00:00,False,20000
adult,ctgan,fixed,0.05,0,0,2000,40.0115,48.78,True,0.017444978121430383,0.802800265180732,0.14833364373984456,0.0380316818684356,0.4841840632668949,0.845360824742268,0.8025,0.9998575737681449,0.7914759689767974,0.8976610190471932,0,10,ok,,2026-07-20T18:40:36.416536+00:00,False,20000
adult,ctgan,fixed,0.05,0,1,2000,48.4034,49.35,False,0.07319459194308674,0.9603841539775105,0.16779028353915063,0.04182217385295743,0.5657863218816599,0.7216494845360825,0.79525,0.9998949654211978,0.7529477798992756,0.8976610190471932,0,10,ok,,2026-07-20T18:40:36.416536+00:00,False,20000
adult,ctgan,fixed,0.05,0,2,2000,43.3284,50.28,False,0.060724064757484965,1.0392519196069756,0.16399229307702062,0.05587607103372028,0.6337151700811987,0.6494845360824743,0.77625,0.9990291433966149,0.8066915826477876,0.8976610190471932,0,9,ok,,2026-07-20T18:40:36.416536+00:00,False,20000
adult,ctgan,fixed,0.05,0,3,2000,46.5387,49.87,False,0.12498254733982013,1.0511704246250395,0.19565962918181679,0.06354377418463239,0.5314467987975142,0.5567010309278351,0.78375,0.9998604998953402,0.7013484697350425,0.8976610190471932,0,11,ok,,2026-07-20T18:40:36.416536+00:00,False,20000
adult,ctgan,fixed,0.05,0,4,2000,38.8665,49.85,False,0.1336489657370353,1.1507981130348688,0.20942488955101446,0.079670225262576,0.5789650314205474,0.5567010309278351,0.7855,0.9999324943243538,0.7541658564077374,0.8976610190471932,0,6,ok,,2026-07-20T18:40:36.416536+00:00,False,20000
adult,ctgan,fixed,0.05,0,5,2000,41.9835,49.84,False,0.1666155318254824,1.1594661574460223,0.22751623819431918,0.08442350746268656,0.5717289285012954,0.5154639175257731,0.76925,0.9999617308462886,0.8189029660131838,0.8976610190471932,0,9,ok,,2026-07-20T18:40:36.416536+00:00,False,20000
adult,ctgan,fixed,0.05,0,6,2000,44.5171,49.84,False,0.19823043521880523,1.2958636373222243,0.25684863455712276,0.09349032614704256,0.549533299333997,0.4845360824742268,0.813,0.9999122341841536,0.7356228158249437,0.8976610190471932,0,12,ok,,2026-07-20T18:40:36.416536+00:00,False,20000
adult,ctgan,fixed,0.05,0,7,2000,47.219,49.84,False,0.19771830449244923,1.2500148257930996,0.257727315759292,0.10245221807628524,0.5299352704051715,0.5051546391752577,0.8,0.9999909977432461,0.764316865506284,0.8976610190471932,0,10,ok,,2026-07-20T18:40:36.416536+00:00,False,20000
adult,ctgan,fixed,0.05,0,8,2000,37.4856,49.84,False,0.2593386140492205,1.4832462811958,0.2939416363678769,0.10704895660585957,0.5555807847698523,0.4845360824742268,0.78675,0.9998065302298493,0.8082282662985304,0.8976610190471932,0,12,ok,,2026-07-20T18:40:36.416536+00:00,False,20000
adult,ctgan,fixed,0.15,0,0,2000,40.0115,48.78,True,0.017444978121430383,0.802800265180732,0.14833364373984456,0.0380316818684356,0.4841840632668949,0.845360824742268,0.8025,0.9998575737681449,0.7914759689767974,0.8976610190471932,0,10,ok,,2026-07-20T18:40:36.416536+00:00,False,20000
adult,ctgan,fixed,0.15,0,1,2000,44.8558,49.36,False,0.12620832531358944,0.9154456498996866,0.20495245418204092,0.042636504975124376,0.47400868964271164,0.7628865979381443,0.78875,0.9997523873142286,0.7485821506831156,0.8976610190471932,0,11,ok,,2026-07-20T18:40:36.416536+00:00,False,20000
adult,ctgan,fixed,0.15,0,2,2000,36.3384,50.29,False,0.09143727887827814,0.8992260456631901,0.17481011522846468,0.04918553067993366,0.5595414695739936,0.6185567010309279,0.80725,0.9997411204307757,0.8379591086631639,0.8976610190471932,0,16,ok,,2026-07-20T18:40:36.416536+00:00,False,20000
adult,ctgan,fixed,0.15,0,3,2000,36.8755,49.89,False,0.13315684693019572,0.9578849340817812,0.2139137978549895,0.048413211719181865,0.6060494825416731,0.5567010309278351,0.80525,0.9995816515611341,0.7930402549748806,0.8976610190471932,0,17,ok,,2026-07-20T18:40:36.416536+00:00,False,20000
adult,ctgan,fixed,0.15,0,4,2000,39.5135,49.88,False,0.12732598429976835,0.9143310638737375,0.20056916451435547,0.06152021144278606,0.48305870497034065,0.5360824742268041,0.7835,0.9996856432641539,0.791755434548147,0.8976610190471932,0,18,ok,,2026-07-20T18:40:36.416536+00:00,False,20000
adult,ctgan,fixed,0.15,0,5,2000,34.9447,49.88,False,0.09731691478654943,1.0480259165051196,0.19127405281638352,0.060382117191818685,0.46218543244866667,0.5257731958762887,0.79225,0.9998476771357198,0.777325471537915,0.8976610190471932,0,18,ok,,2026-07-20T18:40:36.416536+00:00,False,20000
adult,ctgan,fixed,0.15,0,6,2000,38.1079,49.88,False,0.16936195488576514,1.2202878641090726,0.2393516388147935,0.05683523355444997,0.5282866796086549,0.5463917525773195,0.8215,0.9992610465706001,0.7645373564661547,0.8976610190471932,0,16,ok,,2026-07-20T18:40:36.416536+00:00,False,20000
adult,ctgan,fixed,0.15,0,7,2000,34.6235,49.88,False,0.16573710340760048,1.007165408921835,0.24131545785640207,0.06632663073521282,0.4799693793487191,0.4948453608247423,0.80425,0.9998229934922008,0.7740992750876161,0.8976610190471932,0,21,ok,,2026-07-20T18:40:36.416536+00:00,False,20000
adult,ctgan,fixed,0.15,0,8,2000,37.9354,49.87,False,0.2127760907737887,1.2873310923902643,0.2785726204406486,0.07258364427860697,0.47491026361854294,0.4742268041237113,0.79175,0.9999624868468557,0.8237437358734662,0.8976610190471932,0,22,ok,,2026-07-20T18:40:36.416536+00:00,False,20000
adult,ctgan,fixed,0.5,0,0,2000,40.0115,48.78,True,0.017444978121430383,0.802800265180732,0.14833364373984456,0.0380316818684356,0.4841840632668949,0.845360824742268,0.8025,0.9998575737681449,0.7914759689767974,0.8976610190471932,0,10,ok,,2026-07-20T18:40:36.416536+00:00,False,20000
adult,ctgan,fixed,0.5,0,1,2000,33.5172,49.36,False,0.08645998357771208,0.8745677990751825,0.18163534982844035,0.032481101437258145,0.4240442416139245,0.7938144329896907,0.846,0.9997850511512346,0.7098583520965916,0.8976610190471932,0,9,ok,,2026-07-20T18:40:36.416536+00:00,False,20000
adult,ctgan,fixed,0.5,0,2,2000,40.5168,50.31,False,0.09302819943158795,0.964973083903741,0.16303245135745487,0.03668432144831399,0.43948278999110363,0.7216494845360825,0.84975,0.9998950002962239,0.7980419838915062,0.8976610190471932,0,14,ok,,2026-07-20T18:40:36.416536+00:00,False,20000
adult,ctgan,fixed,0.5,0,3,2000,33.9313,49.93,False,0.08515406066934379,0.9325343852256317,0.16605661187745216,0.04614310392482033,0.5258100039330769,0.6804123711340206,0.85825,0.999657157117782,0.8021034299948743,0.8976610190471932,0,18,ok,,2026-07-20T18:40:36.416536+00:00,False,20000
adult,ctgan,fixed,0.5,0,4,2000,38.3553,49.93,False,0.16043525824158822,1.0684765409894632,0.2145319796378958,0.046140305417357655,0.4374310641423767,0.7319587628865979,0.82825,0.9999339973254816,0.8613931081724846,0.8976610190471932,0,12,ok,,2026-07-20T18:40:36.416536+00:00,False,20000
adult,ctgan,fixed,0.5,0,5,2000,40.0178,49.93,False,0.10042452127685975,1.1758807621422456,0.19910940719847936,0.04680096047540076,0.4714703754470922,0.6804123711340206,0.8325,0.9998327033744857,0.8503640690606797,0.8976610190471932,0,17,ok,,2026-07-20T18:40:36.416536+00:00,False,20000
adult,ctgan,fixed,0.5,0,6,2000,34.3161,49.93,False,0.07305594197949115,0.9201598072728673,0.16683289179552352,0.047413315367606394,0.4213277579048705,0.711340206185567,0.81675,0.999538519028774,0.8198993714139076,0.8976610190471932,0,14,ok,,2026-07-20T18:40:36.416536+00:00,False,20000
adult,ctgan,fixed,0.5,0,7,2000,38.8054,49.93,False,0.11366523778830333,0.9315534904141738,0.21368379867064827,0.05139186014372581,0.4644353114710968,0.7422680412371134,0.827,0.9996736237551361,0.8049446359853573,0.8976610190471932,0,11,ok,,2026-07-20T18:40:36.416536+00:00,False,20000
adult,ctgan,fixed,0.5,0,8,2000,34.7147,49.93,False,0.1393752959015321,0.9884295425400595,0.22056130855017897,0.051053309839690426,0.49223711133680137,0.7422680412371134,0.83475,0.9999108256830969,0.8259488421634837,0.8976610190471932,0,11,ok,,2026-07-20T18:40:36.416536+00:00,False,20000
adult,ctgan,fixed,1.0,0,0,2000,40.0115,48.78,True,0.017444978121430383,0.802800265180732,0.14833364373984456,0.0380316818684356,0.4841840632668949,0.845360824742268,0.8025,0.9998575737681449,0.7914759689767974,0.8976610190471932,0,10,ok,,2026-07-20T18:40:36.416536+00:00,False,20000
adult,ctgan,fixed,1.0,0,1,2000,37.8542,49.37,False,0.06967082034379252,0.7917208083865873,0.15813130060033864,0.03111214759535655,0.398416552499571,0.8247422680412371,0.82675,0.9995830510621841,0.7655659864600324,0.8976610190471932,0,11,ok,,2026-07-20T18:40:36.416536+00:00,False,20000
adult,ctgan,fixed,1.0,0,2,2000,36.6778,50.34,False,0.06830710757436828,0.8507491965919588,0.15236987333584104,0.02938301547816474,0.38260506412058165,0.8350515463917526,0.83675,0.9996941291455204,0.7697203364260639,0.8976610190471932,0,10,ok,,2026-07-20T18:40:36.416536+00:00,False,20000
adult,ctgan,fixed,1.0,0,3,2000,39.3729,49.96,False,0.08116300501929673,1.0019370941295835,0.17472206408403565,0.03357822001105583,0.4889681338026303,0.8350515463917526,0.82675,0.9998350962512811,0.8250835643035692,0.8976610190471932,0,10,ok,,2026-07-20T18:40:36.416536+00:00,False,20000
adult,ctgan,fixed,1.0,0,4,2000,34.2483,49.96,False,0.07456151792874612,0.8384191372776905,0.15861683777948582,0.03427698313985628,0.4921167469420038,0.8247422680412371,0.81,0.999961756721308,0.8529538052097758,0.8976610190471932,0,11,ok,,2026-07-20T18:40:36.416536+00:00,False,20000
adult,ctgan,fixed,1.0,0,5,2000,40.4259,49.96,False,0.07953105630301917,0.7364415761769326,0.17987047900382083,0.037349122443338864,0.37972421555541114,0.845360824742268,0.8095,0.9997330057996875,0.8273572830793151,0.8976610190471932,0,9,ok,,2026-07-20T18:40:36.416536+00:00,False,20000
adult,ctgan,fixed,1.0,0,6,2000,34.8028,49.96,False,0.08808120530943636,0.874602290027771,0.1705404388450503,0.04314469320066333,0.4292325377083036,0.8144329896907216,0.83325,0.9975473974724349,0.8047914134539218,0.8976610190471932,0,12,ok,,2026-07-20T18:40:36.416536+00:00,False,20000
adult,ctgan,fixed,1.0,0,7,2000,39.8531,49.96,False,0.08486793640601875,0.9138822460459997,0.1752663055018423,0.03321137368711996,0.5778074831828939,0.845360824742268,0.83875,0.9996192648393535,0.7234529998899839,0.8976610190471932,0,9,ok,,2026-07-20T18:40:36.416536+00:00,False,20000
adult,ctgan,fixed,1.0,0,8,2000,34.4024,49.96,False,0.07018579336328955,0.8046719440204192,0.1456209345991065,0.02957324488667773,0.48973186759873066,0.8556701030927835,0.83875,0.9994904949927439,0.860402374037901,0.8976610190471932,0,8,ok,,2026-07-20T18:40:36.416536+00:00,False,20000
adult,ctgan,fresh,0.0,0,0,2000,40.0115,48.78,True,0.017444978121430383,0.802800265180732,0.14833364373984456,0.0380316818684356,0.4841840632668949,0.845360824742268,0.8025,0.9998575737681449,0.7914759689767974,0.8976610190471932,0,10,ok,,2026-07-20T18:40:36.416536+00:00,False,20000
adult,ctgan,fresh,0.0,0,1,2000,39.5996,49.34,False,0.07560323650572547,1.0207419576890737,0.17640380621856466,0.04861694997236042,0.6537693768253803,0.711340206185567,0.781,0.9995014035634281,0.7804856780533016,0.8976610190471932,0,9,ok,,2026-07-20T18:40:36.416536+00:00,False,20000
adult,ctgan,fresh,0.0,0,2,2000,33.6198,50.27,False,0.06439451661491317,1.1441794413667743,0.19545587143555612,0.05857144831398563,0.6001853877043755,0.6288659793814433,0.75675,0.9996451286087576,0.768953895950034,0.8976610190471932,0,7,ok,,2026-07-20T18:40:36.416536+00:00,False,20000
adult,ctgan,fresh,0.0,0,3,2000,39.5571,49.86,False,0.10614797429614899,1.283796288117765,0.21280177207073395,0.07522937396351576,0.6037272343393525,0.5257731958762887,0.727,0.9999017266762705,0.7354991625539606,0.8976610190471932,0,9,ok,,2026-07-20T18:40:36.416536+00:00,False,20000
adult,ctgan,fresh,0.0,0,4,2000,34.2465,49.82,False,0.1173463509444318,1.2811602010526069,0.23110450400648885,0.08109839690436706,0.6120156133261484,0.5051546391752577,0.72375,0.9998200662400047,0.7337432992187551,0.8976610190471932,0,3,ok,,2026-07-20T18:40:36.416536+00:00,False,20000
adult,ctgan,fresh,0.0,0,5,2000,39.5885,49.8,False,0.17376569882883527,1.4811700285617533,0.25235856415800234,0.07646310116086236,0.5909143500273513,0.4845360824742268,0.73325,0.9999812451109292,0.7400326678042417,0.8976610190471932,0,2,ok,,2026-07-20T18:40:36.416536+00:00,False,20000
adult,ctgan,fresh,0.0,0,6,2000,38.5116,49.79,False,0.19406295450420744,1.583651374765221,0.2810276434510191,0.09960195550027638,0.6084803177735018,0.4948453608247423,0.72625,0.9999580037184922,0.7185316849377597,0.8976610190471932,0,0,ok,,2026-07-20T18:40:36.416536+00:00,False,20000
adult,ctgan,fresh,0.0,0,7,2000,35.1271,49.79,False,0.2748985762880427,1.9898362357740178,0.36116034024200366,0.10792689331122166,0.5936893856513413,0.4742268041237113,0.68875,0.9999017334262756,0.7072119032860955,0.8976610190471932,0,1,ok,,2026-07-20T18:40:36.416536+00:00,False,20000
adult,ctgan,fresh,0.0,0,8,2000,40.1356,49.79,False,0.3694711893800915,2.3238367386688954,0.4385961809124592,0.11757144831398562,0.5367941634982191,0.422680412371134,0.7255,0.9995714050534467,0.7087407848481602,0.8976610190471932,0,5,ok,,2026-07-20T18:40:36.416536+00:00,False,20000
adult,ctgan,fresh,0.05,0,0,2000,40.0115,48.78,True,0.017444978121430383,0.802800265180732,0.14833364373984456,0.0380316818684356,0.4841840632668949,0.845360824742268,0.8025,0.9998575737681449,0.7914759689767974,0.8976610190471932,0,10,ok,,2026-07-20T18:40:36.416536+00:00,False,20000
adult,ctgan,fresh,0.05,0,1,2000,33.8943,49.35,False,0.035862252242574034,0.8906798587285693,0.1748070660179182,0.05465098120508568,0.5675723339655184,0.6804123711340206,0.79575,0.9993956247965675,0.7416640255394489,0.8976610190471932,0,13,ok,,2026-07-20T18:40:36.416536+00:00,False,20000
adult,ctgan,fresh,0.05,0,2,2000,39.5206,50.28,False,0.04964661507707526,0.9946526669361081,0.16523958045984108,0.0755049060254284,0.5885749075602104,0.6391752577319587,0.7825,0.9995918148187589,0.7375647819224426,0.8976610190471932,0,10,ok,,2026-07-20T18:40:36.416536+00:00,False,20000
adult,ctgan,fresh,0.05,0,3,2000,35.684,49.88,False,0.08803825619059762,1.2716905386335375,0.19606478629364096,0.08598576561636262,0.5393517031198516,0.5463917525773195,0.77925,0.9997526753144447,0.6869800383233351,0.8976610190471932,0,13,ok,,2026-07-20T18:40:36.416536+00:00,False,20000
adult,ctgan,fresh,0.05,0,4,2000,36.6141,49.86,False,0.0705645024157612,1.1506438132523715,0.22809456741781098,0.08752086788280818,0.6327102558545648,0.4845360824742268,0.75375,0.999939973329965,0.7415748260298134,0.8976610190471932,0,18,ok,,2026-07-20T18:40:36.416536+00:00,False,20000
adult,ctgan,fresh,0.05,0,5,2000,39.8689,49.85,False,0.17647171225418265,1.3715864124287027,0.26806911559247065,0.09922280956329463,0.5263688191928988,0.4845360824742268,0.76475,0.9999220588165246,0.7571232741812626,0.8976610190471932,0,13,ok,,2026-07-20T18:40:36.416536+00:00,False,20000
adult,ctgan,fresh,0.05,0,6,2000,33.7245,49.85,False,0.1641478653312919,1.5534814467689133,0.2693194678589031,0.09375010364842454,0.6486524243153131,0.5051546391752577,0.7645,0.9980975346976755,0.8040220226082239,0.8976610190471932,0,14,ok,,2026-07-20T18:40:36.416536+00:00,False,20000
adult,ctgan,fresh,0.05,0,7,2000,37.2523,49.86,False,0.2262554680495128,1.5361695526345664,0.301913446538267,0.10529847291321173,0.5977034846197048,0.5051546391752577,0.7375,0.9996544199907286,0.8145968687005509,0.8976610190471932,0,16,ok,,2026-07-20T18:40:36.416536+00:00,False,20000
adult,ctgan,fresh,0.05,0,8,2000,38.5701,49.85,False,0.22687117123678538,1.5552789078959839,0.2968553341230659,0.11206346738529575,0.4868652198113464,0.4742268041237113,0.77975,0.9999474770855947,0.7468979485489623,0.8976610190471932,0,14,ok,,2026-07-20T18:40:36.416536+00:00,False,20000
adult,ctgan,fresh,0.15,0,0,2000,40.0115,48.78,True,0.017444978121430383,0.802800265180732,0.14833364373984456,0.0380316818684356,0.4841840632668949,0.845360824742268,0.8025,0.9998575737681449,0.7914759689767974,0.8976610190471932,0,10,ok,,2026-07-20T18:40:36.416536+00:00,False,20000
adult,ctgan,fresh,0.15,0,1,2000,38.6758,49.36,False,0.06977728085840963,1.0372834964512856,0.17773621901285544,0.039766376451077945,0.5953090918184525,0.8041237113402062,0.788,0.9999369898277265,0.7680642939312994,0.8976610190471932,0,10,ok,,2026-07-20T18:40:36.416536+00:00,False,20000
adult,ctgan,fresh,0.15,0,2,2000,35.725,50.31,False,0.16793657150992147,1.1033901472126122,0.2293523528746374,0.04703441127694859,0.5944101294024492,0.6804123711340206,0.7785,0.9997306286729041,0.623485886677219,0.8976610190471932,0,14,ok,,2026-07-20T18:40:36.416536+00:00,False,20000
adult,ctgan,fresh,0.15,0,3,2000,39.6456,49.91,False,0.14315668472456913,1.2927729223872817,0.2456098573960611,0.05702598120508568,0.6053764416701785,0.6082474226804123,0.78675,0.9994068241799697,0.7396292539249423,0.8976610190471932,0,15,ok,,2026-07-20T18:40:36.416536+00:00,False,20000
adult,ctgan,fresh,0.15,0,4,2000,36.3402,49.9,False,0.16753713081010768,1.3527890401750442,0.2608743857963613,0.06452739773355445,0.5754933411055165,0.5670103092783505,0.784,0.9996589543066304,0.669778727519986,0.8976610190471932,0,22,ok,,2026-07-20T18:40:36.416536+00:00,False,20000
adult,ctgan,fresh,0.15,0,5,2000,40.1243,49.9,False,0.16698731438220302,1.3750578859369076,0.2480090154824016,0.05862054311774462,0.5569506659210187,0.5670103092783505,0.79775,0.9998980220484911,0.7757656110943341,0.8976610190471932,0,18,ok,,2026-07-20T18:40:36.416536+00:00,False,20000
adult,ctgan,fresh,0.15,0,6,2000,38.804,49.89,False,0.22517088000500593,1.3241281754896976,0.2802798067045515,0.06389441680486457,0.5483251949256154,0.5154639175257731,0.79425,0.9999482398361669,0.7837913050114454,0.8976610190471932,0,21,ok,,2026-07-20T18:40:36.416536+00:00,False,20000
adult,ctgan,fresh,0.15,0,7,2000,37.0683,49.89,False,0.1823645435874872,1.3981937250017948,0.248555891862022,0.07045688225538972,0.4957916564765986,0.5876288659793815,0.79575,0.9999032893024428,0.8052192826195821,0.8976610190471932,0,20,ok,,2026-07-20T18:40:36.416536+00:00,False,20000
adult,ctgan,fresh,0.15,0,8,2000,37.0703,49.9,False,0.2561960060805811,1.2980075456987887,0.28509157952270564,0.0670742468214483,0.47432010438862443,0.5051546391752577,0.8305,0.9999215958786772,0.8508250151485092,0.8976610190471932,0,24,ok,,2026-07-20T18:40:36.416536+00:00,False,20000
adult,ctgan,fresh,0.5,0,0,2000,40.0115,48.78,True,0.017444978121430383,0.802800265180732,0.14833364373984456,0.0380316818684356,0.4841840632668949,0.845360824742268,0.8025,0.9998575737681449,0.7914759689767974,0.8976610190471932,0,10,ok,,2026-07-20T18:40:36.416536+00:00,False,20000
adult,ctgan,fresh,0.5,0,1,2000,40.4235,49.36,False,0.06959955113204114,0.7852823978702711,0.15552083040779294,0.0392833402432283,0.5594611023014234,0.7835051546391752,0.78875,0.9978907089175045,0.7564931735657893,0.8976610190471932,0,8,ok,,2026-07-20T18:40:36.416536+00:00,False,20000
adult,ctgan,fresh,0.5,0,2,2000,35.792,50.32,False,0.09234533415290991,0.9681508575426995,0.1685143699700488,0.04005420812603648,0.38828570477039476,0.7422680412371134,0.8655,0.9999242739431865,0.7532023640197567,0.8976610190471932,0,17,ok,,2026-07-20T18:40:36.416536+00:00,False,20000
adult,ctgan,fresh,0.5,0,3,2000,41.4122,49.95,False,0.13776466051073796,0.7702571597554869,0.20155571423412388,0.04916459369817578,0.5453320732169079,0.7628865979381443,0.82275,0.999957984593478,0.7277335928959294,0.8976610190471932,0,14,ok,,2026-07-20T18:40:36.416536+00:00,False,20000
adult,ctgan,fresh,0.5,0,4,2000,34.42,49.95,False,0.11732344318595567,0.7738104350962124,0.18316565587364106,0.05703962824765062,0.5262278438823198,0.7422680412371134,0.8305,0.9999377188282735,0.8356573941574551,0.8976610190471932,0,14,ok,,2026-07-20T18:40:36.416536+00:00,False,20000
adult,ctgan,fresh,0.5,0,5,2000,38.7761,49.94,False,0.14256361651581687,0.874424650303331,0.20498479404119418,0.045587582918739614,0.5319946773923488,0.7731958762886598,0.82325,0.9997576883182057,0.8074807409702626,0.8976610190471932,0,12,ok,,2026-07-20T18:40:36.416536+00:00,False,20000
adult,ctgan,fresh,0.5,0,6,2000,34.6271,49.93,False,0.08377005547751497,0.735766079963169,0.17970372609993668,0.040694859038142614,0.6180073967650125,0.7525773195876289,0.83375,0.9996533838649512,0.8333169314634371,0.8976610190471932,0,6,ok,,2026-07-20T18:40:36.416536+00:00,False,20000
adult,ctgan,fresh,0.5,0,7,2000,42.1778,49.94,False,0.061675230793263834,0.7215760177449346,0.16188868851134636,0.04089794085129907,0.41790876427474677,0.7216494845360825,0.8405,0.9997129222846199,0.8272986035048031,0.8976610190471932,0,21,ok,,2026-07-20T18:40:36.416536+00:00,False,20000
adult,ctgan,fresh,0.5,0,8,2000,42.5061,49.95,False,0.10139473129051897,0.8259304740354807,0.18496798427536656,0.04630258430071863,0.5430987438327826,0.7422680412371134,0.81125,0.9998702750276737,0.7647844663168097,0.8976610190471932,0,13,ok,,2026-07-20T18:40:36.416536+00:00,False,20000
adult,ctgan,fresh,1.0,0,0,2000,40.0115,48.78,True,0.017444978121430383,0.802800265180732,0.14833364373984456,0.0380316818684356,0.4841840632668949,0.845360824742268,0.8025,0.9998575737681449,0.7914759689767974,0.8976610190471932,0,10,ok,,2026-07-20T18:40:36.416536+00:00,False,20000
adult,ctgan,fresh,1.0,0,1,2000,34.3576,49.37,False,0.06100764174805167,0.8538274148826265,0.17562935810059313,0.03326426893311221,0.6246514591652673,0.8762886597938144,0.835,0.9994834204249362,0.7449677183663661,0.8976610190471932,0,7,ok,,2026-07-20T18:40:36.416536+00:00,False,20000
adult,ctgan,fresh,1.0,0,2,2000,38.8024,50.34,False,0.0871983206137658,0.8528768810565369,0.18245225331743478,0.0324702529021559,0.6808617092076593,0.8247422680412371,0.809,0.9997621331965405,0.7342591221824135,0.8976610190471932,0,13,ok,,2026-07-20T18:40:36.416536+00:00,False,20000
adult,ctgan,fresh,1.0,0,3,2000,34.0781,49.96,False,0.06809667790421071,0.8409444300381351,0.1754563521772232,0.03617661691542289,0.6319309610245923,0.7938144329896907,0.83625,0.9999579834684771,0.7889282592045305,0.8976610190471932,0,13,ok,,2026-07-20T18:40:36.416536+00:00,False,20000
adult,ctgan,fresh,1.0,0,4,2000,40.1649,49.96,False,0.045080355189825276,0.7633265312114387,0.16490888614889482,0.03493003731343284,0.5032463326461336,0.7938144329896907,0.8535,0.9997922539691387,0.8355108263487155,0.8976610190471932,0,14,ok,,2026-07-20T18:40:36.416536+00:00,False,20000
adult,ctgan,fresh,1.0,0,5,2000,41.2897,49.96,False,0.061028689221217264,0.744389332389994,0.16439368148980849,0.035718352681039255,0.6029018580278638,0.7731958762886598,0.82925,0.9997457993092859,0.7901353209995642,0.8976610190471932,0,16,ok,,2026-07-20T18:40:36.416536+00:00,False,20000
adult,ctgan,fresh,1.0,0,6,2000,36.8129,49.96,False,0.14231946622201086,0.9173227689683658,0.20823144063327095,0.030677411553344386,0.6094949144155719,0.8350515463917526,0.83225,0.9997884075912529,0.7056094919555221,0.8976610190471932,0,11,ok,,2026-07-20T18:40:36.416536+00:00,False,20000
adult,ctgan,fresh,1.0,0,7,2000,40.5169,49.97,False,0.08048655239393279,0.7249592159405395,0.1720665764969752,0.04236947208402433,0.6919268707936003,0.8041237113402062,0.8075,0.9998694774020754,0.7405597677364094,0.8976610190471932,0,15,ok,,2026-07-20T18:40:36.416536+00:00,False,20000
adult,ctgan,fresh,1.0,0,8,2000,34.1754,49.97,False,0.09648197130831214,0.7546172322015661,0.16832066958299763,0.0364614773355445,0.4329707606756801,0.8762886597938144,0.79575,0.9995439617828573,0.8211957966280028,0.8976610190471932,0,8,ok,,2026-07-20T18:40:36.416536+00:00,False,20000
adult,ctgan,fixed,0.0,1,0,2000,38.5225,48.78,True,0.03610074287306555,0.7244903565506231,0.1378555824188367,0.030232967108899948,0.6036274972759954,0.845360824742268,0.803,0.9997787562090119,0.8000949166704148,0.8996095743036177,0,10,ok,,2026-07-20T18:40:36.416536+00:00,False,20000
adult,ctgan,fixed,0.0,1,1,2000,37.2686,49.73,False,0.06021931507339176,0.746546234444578,0.1613858073448573,0.042511090381426204,0.554028028233661,0.7010309278350515,0.7585,0.9999152098113862,0.803895812350195,0.8996095743036177,0,13,ok,,2026-07-20T18:40:36.416536+00:00,False,20000
adult,ctgan,fixed,0.0,1,2,2000,35.4426,50.27,False,0.1023758502576987,0.8403432894929783,0.18805624202397667,0.05438280818131565,0.49421430506573566,0.6701030927835051,0.75,0.9998964560473161,0.812651788323958,0.8996095743036177,0,4,ok,,2026-07-20T18:40:36.416536+00:00,False,20000
adult,ctgan,fixed,0.0,1,3,2000,40.7942,49.86,False,0.130392278582905,0.9097511082186908,0.21320030648545796,0.05510966003316749,0.5098084404023208,0.5773195876288659,0.77375,0.9996999386498789,0.8274722819326048,0.8996095743036177,0,5,ok,,2026-07-20T18:40:36.416536+00:00,False,20000
adult,ctgan,fixed,0.0,1,4,2000,34.7205,49.83,False,0.14327620256742502,1.071718127084884,0.21702218672770765,0.07346123548922057,0.4666322260714458,0.5360824742268041,0.72375,0.9998274226205238,0.8275728895382908,0.8996095743036177,0,2,ok,,2026-07-20T18:40:36.416536+00:00,False,20000
adult,ctgan,fixed,0.0,1,5,2000,39.0284,49.81,False,0.13344656739290875,1.1274486885052075,0.22157604535336814,0.0772926340519624,0.4202142980016377,0.5257731958762887,0.7065,0.9999302173226455,0.8043789517743064,0.8996095743036177,0,0,ok,,2026-07-20T18:40:36.416536+00:00,False,20000
adult,ctgan,fixed,0.0,1,6,2000,34.4953,49.8,False,0.14967653808542203,1.199695258228149,0.2438052190298138,0.08279494886677721,0.5051787174898846,0.5051546391752577,0.69325,0.9998687844015555,0.7855142553339077,0.8996095743036177,0,1,ok,,2026-07-20T18:40:36.416536+00:00,False,20000
adult,ctgan,fixed,0.0,1,7,2000,37.9481,49.8,False,0.18418255272966333,1.1996362612205012,0.25957097462699785,0.09312634742951906,0.44299590828640834,0.4948453608247423,0.67975,0.9999197390647843,0.8112528541548352,0.8996095743036177,0,1,ok,,2026-07-20T18:40:36.416536+00:00,False,20000
adult,ctgan,fixed,0.0,1,8,2000,37.7364,49.79,False,0.2234307117992108,1.5505164250197236,0.308379007559811,0.10239863184079602,0.4591829954650874,0.4845360824742268,0.697,0.9999144920608476,0.7736380667447049,0.8996095743036177,0,0,ok,,2026-07-20T18:40:36.416536+00:00,False,20000
adult,ctgan,fixed,0.05,1,0,2000,38.5225,48.78,True,0.03610074287306555,0.7244903565506231,0.1378555824188367,0.030232967108899948,0.6036274972759954,0.845360824742268,0.803,0.9997787562090119,0.8000949166704148,0.8996095743036177,0,10,ok,,2026-07-20T18:40:36.416536+00:00,False,20000
adult,ctgan,fixed,0.05,1,1,2000,38.88,49.35,False,0.10113359392439436,0.6392159528260973,0.18191946774295012,0.044945619126589266,0.6581875090256832,0.7319587628865979,0.76575,0.9993787509089079,0.790225372838215,0.8996095743036177,0,11,ok,,2026-07-20T18:40:36.416536+00:00,False,20000
adult,ctgan,fixed,0.05,1,2,2000,34.6346,50.29,False,0.10994323203172036,0.6656892570776358,0.18091071531948466,0.0497039110005528,0.699147780115297,0.6701030927835051,0.8025,0.9993844040381491,0.7658695794988908,0.8996095743036177,0,10,ok,,2026-07-20T18:40:36.416536+00:00,False,20000
adult,ctgan,fixed,0.05,1,3,2000,40.3438,49.89,False,0.10887509692401214,0.8393204712462891,0.19146898627475992,0.05397322415699282,0.6789033061158584,0.6082474226804123,0.78075,0.9997771789578285,0.791772448346567,0.8996095743036177,0,10,ok,,2026-07-20T18:40:36.416536+00:00,False,20000
adult,ctgan,fixed,0.05,1,4,2000,34.6106,49.87,False,0.17620396022819038,0.8127433436522168,0.2265244066799057,0.0614400912106136,0.5636397670463819,0.5876288659793815,0.795,0.999601575326082,0.8066824037199309,0.8996095743036177,0,8,ok,,2026-07-20T18:40:36.416536+00:00,False,20000
adult,ctgan,fixed,0.05,1,5,2000,38.275,49.85,False,0.20526891974208428,0.8695846166847166,0.24874638985782094,0.06752598120508568,0.4770800403977775,0.5463917525773195,0.8065,0.999912325309222,0.8171900141657082,0.8996095743036177,0,8,ok,,2026-07-20T18:40:36.416536+00:00,False,20000
adult,ctgan,fixed,0.05,1,6,2000,35.5371,49.84,False,0.19608893901904165,1.0210970996206408,0.27077153732882175,0.07057894555002762,0.4583783970927768,0.4845360824742268,0.78225,0.9998461955096082,0.7115249503583913,0.8996095743036177,0,13,ok,,2026-07-20T18:40:36.416536+00:00,False,20000
adult,ctgan,fixed,0.05,1,7,2000,37.5376,49.83,False,0.21114690596865957,1.0905554723280513,0.30657736261908897,0.08299436843559979,0.44203698105573824,0.4742268041237113,0.766,0.9995295325220317,0.7717433065618975,0.8996095743036177,0,10,ok,,2026-07-20T18:40:36.416536+00:00,False,20000
adult,ctgan,fixed,0.05,1,8,2000,36.2103,49.82,False,0.2337149578917241,1.3244808226583273,0.3306827424917742,0.08013495024875619,0.42963703561197003,0.4742268041237113,0.81025,0.9999122060591326,0.7238377936584885,0.8996095743036177,0,10,ok,,2026-07-20T18:40:36.416536+00:00,False,20000
adult,ctgan,fixed,0.15,1,0,2000,38.5225,48.78,True,0.03610074287306555,0.7244903565506231,0.1378555824188367,0.030232967108899948,0.6036274972759954,0.845360824742268,0.803,0.9997787562090119,0.8000949166704148,0.8996095743036177,0,10,ok,,2026-07-20T18:40:36.416536+00:00,False,20000
adult,ctgan,fixed,0.15,1,1,2000,38.9334,49.36,False,0.04264006449604754,0.8932006339310532,0.14807240073368513,0.04094651741293533,0.5522854443711422,0.7525773195876289,0.81725,0.9997570436927221,0.8617061751761665,0.8996095743036177,0,11,ok,,2026-07-20T18:40:36.416536+00:00,False,20000
adult,ctgan,fixed,0.15,1,2,2000,39.1164,50.29,False,0.095660308081012,0.867673201349951,0.18104624839863329,0.059285551409618574,0.47431535004299064,0.6288659793814433,0.79775,0.9998342491256453,0.8383606539750068,0.8996095743036177,0,16,ok,,2026-07-20T18:40:36.416536+00:00,False,20000
adult,ctgan,fixed,0.15,1,3,2000,36.0017,49.89,False,0.0733853156888481,1.0990324172693657,0.175059895324029,0.05560775981205084,0.4389503602442066,0.5876288659793815,0.832,0.9999819909864888,0.8428098442165477,0.8996095743036177,0,14,ok,,2026-07-20T18:40:36.416536+00:00,False,20000
adult,ctgan,fixed,0.15,1,4,2000,40.6659,49.88,False,0.10170706388012486,1.3306927071011136,0.20229745195886664,0.05875939745715866,0.4067516123264772,0.5463917525773195,0.852,0.9999047731785561,0.7738900938781403,0.8996095743036177,0,14,ok,,2026-07-20T18:40:36.416536+00:00,False,20000
adult,ctgan,fixed,0.15,1,5,2000,34.6202,49.86,False,0.12168622230030957,1.3868522119091724,0.2135173923314784,0.06198068684355997,0.4381574239768098,0.5360824742268041,0.8365,0.9998169229876465,0.8171757868275304,0.8996095743036177,0,13,ok,,2026-07-20T18:40:36.416536+00:00,False,20000
adult,ctgan,fixed,0.15,1,6,2000,39.0459,49.86,False,0.07474822465244785,1.017101052541469,0.1661761740290838,0.07285064262023216,0.402991460783191,0.5670103092783505,0.8155,0.9999827424870525,0.8376801348200924,0.8996095743036177,0,9,ok,,2026-07-20T18:40:36.416536+00:00,False,20000
adult,ctgan,fixed,0.15,1,7,2000,35.4419,49.86,False,0.11304087624449982,1.0960409844671084,0.186014248352767,0.07330051133222774,0.3812119921004967,0.5051546391752577,0.82725,0.9998266958699785,0.8375221589153025,0.8996095743036177,0,15,ok,,2026-07-20T18:40:36.416536+00:00,False,20000
adult,ctgan,fixed,0.15,1,8,2000,38.5375,49.86,False,0.1534599316004646,0.9689503605120283,0.1935622580535833,0.08329591625207296,0.3927599342737547,0.5154639175257731,0.8095,0.9999242176931443,0.7797284492870136,0.8996095743036177,0,14,ok,,2026-07-20T18:40:36.416536+00:00,False,20000
adult,ctgan,fixed,0.5,1,0,2000,38.5225,48.78,True,0.03610074287306555,0.7244903565506231,0.1378555824188367,0.030232967108899948,0.6036274972759954,0.845360824742268,0.803,0.9997787562090119,0.8000949166704148,0.8996095743036177,0,10,ok,,2026-07-20T18:40:36.416536+00:00,False,20000
adult,ctgan,fixed,0.5,1,1,2000,34.8746,49.36,False,0.10846444366524766,0.662052470103725,0.19530853270538873,0.0343331605859591,0.6385786420600726,0.7628865979381443,0.80675,0.9999137405602839,0.7747008882448486,0.8996095743036177,0,14,ok,,2026-07-20T18:40:36.416536+00:00,False,20000
adult,ctgan,fixed,0.5,1,2,2000,38.9863,50.32,False,0.07937334925088389,0.7432636986775973,0.173894237528223,0.03947989220563848,0.6755536042808393,0.7010309278350515,0.7995,0.9996275324705562,0.7749611764133549,0.8996095743036177,0,19,ok,,2026-07-20T18:40:36.416536+00:00,False,20000
adult,ctgan,fixed,0.5,1,3,2000,34.309,49.95,False,0.09869718861490707,0.6865154258479139,0.17055168188647973,0.04622346600331676,0.6277689456682741,0.7216494845360825,0.7765,0.9998972446729079,0.7062580487723643,0.8996095743036177,0,17,ok,,2026-07-20T18:40:36.416536+00:00,False,20000
adult,ctgan,fixed,0.5,1,4,2000,39.4721,49.95,False,0.044702009399529286,0.7469865335740754,0.1587859094735972,0.0456146351575456,0.5949721017056135,0.7525773195876289,0.78,0.9998597270197602,0.8020228193391618,0.8996095743036177,0,14,ok,,2026-07-20T18:40:36.416536+00:00,False,20000
adult,ctgan,fixed,0.5,1,5,2000,39.3503,49.95,False,0.09251065026832084,0.7098795973073742,0.16148068553258157,0.05141867053620785,0.5073907129071662,0.6597938144329897,0.821,0.999497252872814,0.8269881590519375,0.8996095743036177,0,23,ok,,2026-07-20T18:40:36.416536+00:00,False,20000
adult,ctgan,fixed,0.5,1,6,2000,36.8496,49.95,False,0.10771462659291138,0.8882285198945787,0.17907698730266217,0.05086739911553344,0.5367376034817027,0.7010309278350515,0.809,0.9996632906223838,0.8107732551743255,0.8996095743036177,0,19,ok,,2026-07-20T18:40:36.416536+00:00,False,20000
adult,ctgan,fixed,0.5,1,7,2000,36.7967,49.95,False,0.04380583347427866,0.8569836674305372,0.16214200174563043,0.046400428413488126,0.527725358174132,0.6907216494845361,0.82625,0.9997631614473118,0.795806160975054,0.8996095743036177,0,20,ok,,2026-07-20T18:40:36.416536+00:00,False,20000
adult,ctgan,fixed,0.5,1,8,2000,39.7813,49.95,False,0.08354616755797721,0.9013838048475759,0.1627922318626697,0.049168635986733,0.5194933044367289,0.7216494845360825,0.82375,0.9987808911478636,0.764975748616965,0.8996095743036177,0,17,ok,,2026-07-20T18:40:36.416536+00:00,False,20000
adult,ctgan,fixed,1.0,1,0,2000,38.5225,48.78,True,0.03610074287306555,0.7244903565506231,0.1378555824188367,0.030232967108899948,0.6036274972759954,0.845360824742268,0.803,0.9997787562090119,0.8000949166704148,0.8996095743036177,0,10,ok,,2026-07-20T18:40:36.416536+00:00,False,20000
adult,ctgan,fixed,1.0,1,1,2000,34.5788,49.36,False,0.09309584380125112,0.6382480632490602,0.1860726640664682,0.03223521282476506,0.6358715590414995,0.845360824742268,0.7765,0.999791470968551,0.7874068191304067,0.8996095743036177,0,6,ok,,2026-07-20T18:40:36.416536+00:00,False,20000
adult,ctgan,fixed,1.0,1,2,2000,37.1682,50.32,False,0.055457137946819834,0.7519092572063574,0.16152202875184513,0.03356650773908235,0.481770900634637,0.7938144329896907,0.81175,0.999659409369472,0.8407243590256332,0.8996095743036177,0,11,ok,,2026-07-20T18:40:36.416536+00:00,False,20000
adult,ctgan,fixed,1.0,1,3,2000,37.5601,49.95,False,0.030869734566961904,0.6318605524911565,0.15161187139502738,0.028420916252072968,0.6028720259093596,0.8041237113402062,0.809,0.9995929668196233,0.8652250155156664,0.8996095743036177,0,10,ok,,2026-07-20T18:40:36.416536+00:00,False,20000
adult,ctgan,fixed,1.0,1,4,2000,39.104,49.95,False,0.04789261384636213,0.8013974719272832,0.15741304829453032,0.037014648977335536,0.5656124591376225,0.8350515463917526,0.812,0.9991904201426127,0.8071714438833788,0.8996095743036177,0,7,ok,,2026-07-20T18:40:36.416536+00:00,False,20000
adult,ctgan,fixed,1.0,1,5,2000,39.38,49.95,False,0.06363606668461416,0.8061811034705134,0.1703672698082129,0.034836062741846315,0.5836995475063541,0.8350515463917526,0.8065,0.9997232171673437,0.8323370809147406,0.8996095743036177,0,7,ok,,2026-07-20T18:40:36.416536+00:00,False,20000
adult,ctgan,fixed,1.0,1,6,2000,34.5882,49.95,False,0.0785758606907514,0.7808485010611329,0.17073020440207887,0.03660579049198452,0.553861889865048,0.8144329896907216,0.8005,0.9998418440063433,0.8191129995516748,0.8996095743036177,0,9,ok,,2026-07-20T18:40:36.416536+00:00,False,20000
adult,ctgan,fixed,1.0,1,7,2000,39.789,49.95,False,0.06338026209655133,0.6964446436065992,0.16685424186041797,0.034286829740187943,0.5432788331557088,0.8041237113402062,0.82475,0.9997293112969157,0.8541880759695275,0.8996095743036177,0,10,ok,,2026-07-20T18:40:36.416536+00:00,False,20000
adult,ctgan,fixed,1.0,1,8,2000,39.0168,49.95,False,0.08485029870935423,0.7738952214624627,0.16371675654746679,0.034012299613045874,0.4409820543517115,0.7835051546391752,0.84125,0.9995935236950411,0.7603590429420404,0.8996095743036177,0,12,ok,,2026-07-20T18:40:36.416536+00:00,False,20000
adult,ctgan,fresh,0.0,1,0,2000,38.5225,48.78,True,0.03610074287306555,0.7244903565506231,0.1378555824188367,0.030232967108899948,0.6036274972759954,0.845360824742268,0.803,0.9997787562090119,0.8000949166704148,0.8996095743036177,0,10,ok,,2026-07-20T18:40:36.416536+00:00,False,20000
adult,ctgan,fresh,0.0,1,1,2000,35.1997,49.35,False,0.0638086491533645,0.7074599324917646,0.14931939802070857,0.04262230514096186,0.6054660047896135,0.7835051546391752,0.81075,0.9997944938458189,0.8187888850526797,0.8996095743036177,0,3,ok,,2026-07-20T18:40:36.416536+00:00,False,20000
adult,ctgan,fresh,0.0,1,2,2000,39.5411,50.27,False,0.08479229707633351,0.8714110513952006,0.16977677536884328,0.04610876174682144,0.5692968745771805,0.6288659793814433,0.7675,0.9998154312365273,0.7177582619201819,0.8996095743036177,0,8,ok,,2026-07-20T18:40:36.416536+00:00,False,20000
adult,ctgan,fresh,0.0,1,3,2000,34.6109,49.86,False,0.0824638130692091,1.050109097487643,0.2038455397934703,0.05953416943062466,0.5769369574397607,0.5876288659793815,0.797,0.9999384849538483,0.7912673450593699,0.8996095743036177,0,6,ok,,2026-07-20T18:40:36.416536+00:00,False,20000
adult,ctgan,fresh,0.0,1,4,2000,39.7522,49.84,False,0.09477377166352913,1.2049348572667002,0.21453929564342325,0.06607787451630734,0.5631168514175601,0.5773195876288659,0.77325,0.9998343875007492,0.8311359198590431,0.8996095743036177,0,3,ok,,2026-07-20T18:40:36.416536+00:00,False,20000
adult,ctgan,fresh,0.0,1,5,2000,36.8094,49.83,False,0.14898315110151586,1.222155672345272,0.24258922506886185,0.0761992468214483,0.5644210791826838,0.5257731958762887,0.772,0.9999257251942754,0.8375307149873403,0.8996095743036177,0,3,ok,,2026-07-20T18:40:36.416536+00:00,False,20000
adult,ctgan,fresh,0.0,1,6,2000,37.4851,49.81,False,0.17788517527662143,1.287603259122586,0.2592694741220622,0.08156184355997788,0.6251837623738188,0.4845360824742268,0.75225,0.9999512300884104,0.8090085079482302,0.8996095743036177,0,2,ok,,2026-07-20T18:40:36.416536+00:00,False,20000
adult,ctgan,fresh,0.0,1,7,2000,39.6192,49.8,False,0.1724993513097539,1.3061930700569606,0.26661465041240145,0.0846606550580431,0.6076821425631723,0.4639175257731959,0.74925,0.9999212150658915,0.8219303403297307,0.8996095743036177,0,4,ok,,2026-07-20T18:40:36.416536+00:00,False,20000
adult,ctgan,fresh,0.0,1,8,2000,34.2887,49.79,False,0.16975050201959663,1.363158682269705,0.2836029369442961,0.0937456122166943,0.6038697755920645,0.4742268041237113,0.774,0.9999819921114895,0.8162325208627195,0.8996095743036177,0,1,ok,,2026-07-20T18:40:36.416536+00:00,False,20000
adult,ctgan,fresh,0.05,1,0,2000,38.5225,48.78,True,0.03610074287306555,0.7244903565506231,0.1378555824188367,0.030232967108899948,0.6036274972759954,0.845360824742268,0.803,0.9997787562090119,0.8000949166704148,0.8996095743036177,0,10,ok,,2026-07-20T18:40:36.416536+00:00,False,20000
adult,ctgan,fresh,0.05,1,1,2000,39.787,49.34,False,0.022469737378295673,0.8033629097710793,0.15164176409285177,0.044184632393587615,0.6586272600332845,0.6701030927835051,0.79475,0.9999167634375518,0.7765056949346612,0.8996095743036177,0,12,ok,,2026-07-20T18:40:36.416536+00:00,False,20000
adult,ctgan,fresh,0.05,1,2,2000,38.9081,50.26,False,0.05290465221517684,0.8272355493564413,0.1471893855805248,0.05042060530679934,0.5540025941698363,0.5773195876288659,0.79225,0.9991771698826716,0.7723183008283457,0.8996095743036177,0,12,ok,,2026-07-20T18:40:36.416536+00:00,False,20000
adult,ctgan,fresh,0.05,1,3,2000,35.4967,49.88,False,0.09252261562802973,0.9551723393402541,0.16543518724614395,0.05717647871752349,0.5019321571368974,0.5773195876288659,0.78075,0.9996340102254161,0.8048914965494445,0.8996095743036177,0,14,ok,,2026-07-20T18:40:36.416536+00:00,False,20000
adult,ctgan,fresh,0.05,1,4,2000,40.9809,49.87,False,0.12567057301629472,1.1602939021409495,0.1974898716182294,0.06289555693753454,0.5113030148686307,0.5773195876288659,0.79525,0.9999182394386592,0.8225378214444145,0.8996095743036177,0,10,ok,,2026-07-20T18:40:36.416536+00:00,False,20000
adult,ctgan,fresh,0.05,1,5,2000,34.6031,49.86,False,0.12179460170976127,1.1903788650919334,0.19033964445530316,0.07385924543946931,0.5162246286065516,0.5567010309278351,0.80325,0.9996994762745323,0.7618661573323309,0.8996095743036177,0,11,ok,,2026-07-20T18:40:36.416536+00:00,False,20000
adult,ctgan,fresh,0.05,1,6,2000,38.4072,49.85,False,0.12421144667997959,1.4123489038307682,0.22570535063911623,0.07322253316749586,0.5491296713762631,0.5154639175257731,0.83325,0.9999099695574548,0.739326316523788,0.8996095743036177,0,9,ok,,2026-07-20T18:40:36.416536+00:00,False,20000
adult,ctgan,fresh,0.05,1,7,2000,37.522,49.84,False,0.1361756403208467,1.502918629305923,0.22909175292204495,0.06722184217799888,0.5259403784189695,0.4948453608247423,0.80175,0.9999369684527105,0.7554465135350503,0.8996095743036177,0,13,ok,,2026-07-20T18:40:36.416536+00:00,False,20000
adult,ctgan,fresh,0.05,1,8,2000,37.7568,49.84,False,0.18805558608986703,1.6529546331868872,0.2699197614679816,0.07341030956329463,0.4676002517248071,0.4742268041237113,0.81875,0.9998379188783986,0.7281156002041917,0.8996095743036177,0,12,ok,,2026-07-20T18:40:36.416536+00:00,False,20000
adult,ctgan,fresh,0.15,1,0,2000,38.5225,48.78,True,0.03610074287306555,0.7244903565506231,0.1378555824188367,0.030232967108899948,0.6036274972759954,0.845360824742268,0.803,0.9997787562090119,0.8000949166704148,0.8996095743036177,0,10,ok,,2026-07-20T18:40:36.416536+00:00,False,20000
adult,ctgan,fresh,0.15,1,1,2000,35.8125,49.36,False,0.06276953093809508,0.7930042393998852,0.16016692576903574,0.04143107379767828,0.5446824097344106,0.7216494845360825,0.792,0.9995491694117643,0.8368182334943537,0.8996095743036177,0,14,ok,,2026-07-20T18:40:36.416536+00:00,False,20000
adult,ctgan,fresh,0.15,1,2,2000,38.6237,50.29,False,0.06838898007663448,0.8104704598719351,0.16087132434471166,0.04649049889441681,0.566603435456376,0.6494845360824743,0.79975,0.9996924911442916,0.8059040306376877,0.8996095743036177,0,14,ok,,2026-07-20T18:40:36.416536+00:00,False,20000
adult,ctgan,fresh,0.15,1,3,2000,35.9545,49.91,False,0.08140759019652732,0.8947415165168312,0.17244536681176034,0.0472260917634052,0.5692813445389502,0.6391752577319587,0.80375,0.9988953290462206,0.8171584452102585,0.8996095743036177,0,15,ok,,2026-07-20T18:40:36.416536+00:00,False,20000
adult,ctgan,fresh,0.15,1,4,2000,39.8603,49.9,False,0.11733230493140855,0.9894811516550738,0.20474944808603235,0.051890823659480376,0.6265436165970897,0.6288659793814433,0.78975,0.9997450489337231,0.8254252171111475,0.8996095743036177,0,12,ok,,2026-07-20T18:40:36.416536+00:00,False,20000
adult,ctgan,fresh,0.15,1,5,2000,34.6664,49.89,False,0.12888137646440426,0.9537262426184387,0.2072426501800583,0.05447795743504698,0.6035044988916322,0.5979381443298969,0.78775,0.9997651954488379,0.7815861659395427,0.8996095743036177,0,14,ok,,2026-07-20T18:40:36.416536+00:00,False,20000
adult,ctgan,fresh,0.15,1,6,2000,40.4541,49.89,False,0.14304776897308102,1.0059768869251764,0.21824302728764014,0.06452228441127694,0.5699692503401322,0.5257731958762887,0.79425,0.9997561414420452,0.7890926931407052,0.8996095743036177,0,22,ok,,2026-07-20T18:40:36.416536+00:00,False,20000
adult,ctgan,fresh,0.15,1,7,2000,34.9315,49.89,False,0.15923350885365695,1.1872633492892215,0.22236705548010924,0.07688121890547264,0.5500087912189455,0.5257731958762887,0.8035,0.9998403432552175,0.8309549966346117,0.8996095743036177,0,22,ok,,2026-07-20T18:40:36.416536+00:00,False,20000
adult,ctgan,fresh,0.15,1,8,2000,39.2262,49.89,False,0.19629417007205283,1.3005370657063697,0.23477863570138333,0.07873137783305693,0.5518275592517898,0.5773195876288659,0.82875,0.9998141116105373,0.8463433052768476,0.8996095743036177,0,16,ok,,2026-07-20T18:40:36.416536+00:00,False,20000
adult,ctgan,fresh,0.5,1,0,2000,38.5225,48.78,True,0.03610074287306555,0.7244903565506231,0.1378555824188367,0.030232967108899948,0.6036274972759954,0.845360824742268,0.803,0.9997787562090119,0.8000949166704148,0.8996095743036177,0,10,ok,,2026-07-20T18:40:36.416536+00:00,False,20000
adult,ctgan,fresh,0.5,1,1,2000,36.8609,49.36,False,0.096231986252714,0.6355154871522487,0.18354457301277563,0.036235731066887794,0.7182022217436677,0.7835051546391752,0.8095,0.9999294815720935,0.8364536333671337,0.8996095743036177,0,11,ok,,2026-07-20T18:40:36.416536+00:00,False,20000
adult,ctgan,fresh,0.5,1,2,2000,37.3562,50.32,False,0.058836560356865686,0.8218251077672382,0.15557859152131978,0.03424944720840242,0.5809345346350505,0.7525773195876289,0.83025,0.9998860239144894,0.8158280907449788,0.8996095743036177,0,16,ok,,2026-07-20T18:40:36.416536+00:00,False,20000
adult,ctgan,fresh,0.5,1,3,2000,38.9374,49.94,False,0.0978256267364672,0.7938360311987132,0.1954988564783321,0.04595560392482034,0.5253452260865906,0.7216494845360825,0.81025,0.9998709545281836,0.8319418952886267,0.8996095743036177,0,14,ok,,2026-07-20T18:40:36.416536+00:00,False,20000
adult,ctgan,fresh,0.5,1,4,2000,35.0619,49.93,False,0.09120571959334324,0.8203663594510698,0.17042198633346609,0.040554968214483136,0.5353393350184515,0.6907216494845361,0.8245,0.9999363047022126,0.8228357432171329,0.8996095743036177,0,15,ok,,2026-07-20T18:40:36.416536+00:00,False,20000
adult,ctgan,fresh,0.5,1,5,2000,37.8173,49.93,False,0.08300037235089902,0.8595985335647552,0.16781697266431453,0.040117191818684346,0.4479410695011068,0.7216494845360825,0.843,0.9997433771824685,0.8344079781667401,0.8996095743036177,0,14,ok,,2026-07-20T18:40:36.416536+00:00,False,20000
adult,ctgan,fresh,0.5,1,6,2000,38.3443,49.94,False,0.06071235740653123,0.9093370668695914,0.15341681364154577,0.049524979270315087,0.4991257275939273,0.7422680412371134,0.81475,0.9996395418545663,0.7787055561230464,0.8996095743036177,0,15,ok,,2026-07-20T18:40:36.416536+00:00,False,20000
adult,ctgan,fresh,0.5,1,7,2000,39.7866,49.94,False,0.08511312737533468,0.9812044673252308,0.18669301662447846,0.03878323659480375,0.5710218371399224,0.711340206185567,0.81775,0.9998049136036364,0.8175149809937186,0.8996095743036177,0,16,ok,,2026-07-20T18:40:36.416536+00:00,False,20000
adult,ctgan,fresh,0.5,1,8,2000,35.28,49.95,False,0.11403639324100547,1.0098441258399447,0.21569926703766418,0.0438699557766722,0.5152658477134481,0.8144329896907216,0.80875,0.999744889183603,0.8310370496932731,0.8996095743036177,0,10,ok,,2026-07-20T18:40:36.416536+00:00,False,20000
adult,ctgan,fresh,1.0,1,0,2000,38.5225,48.78,True,0.03610074287306555,0.7244903565506231,0.1378555824188367,0.030232967108899948,0.6036274972759954,0.845360824742268,0.803,0.9997787562090119,0.8000949166704148,0.8996095743036177,0,10,ok,,2026-07-20T18:40:36.416536+00:00,False,20000
adult,ctgan,fresh,1.0,1,1,2000,40.1655,49.37,False,0.07328358337888434,0.7739763154336116,0.17842809756817488,0.029646558872305134,0.5423489589636834,0.8144329896907216,0.8155,0.9996375809780952,0.8167053012111072,0.8996095743036177,0,9,ok,,2026-07-20T18:40:36.416536+00:00,False,20000
adult,ctgan,fresh,1.0,1,2,2000,34.5336,50.34,False,0.08699688272771196,0.8813412990231982,0.17964795071416764,0.0364039524599226,0.32823271840136514,0.8350515463917526,0.83625,0.9999092056818816,0.8156071408387153,0.8996095743036177,0,14,ok,,2026-07-20T18:40:36.416536+00:00,False,20000
adult,ctgan,fresh,1.0,1,3,2000,44.228,49.97,False,0.08768222589608254,0.899422167271812,0.16585959716988508,0.035173092868988384,0.5612811520524336,0.8247422680412371,0.82,0.999698626898895,0.8367294929311109,0.8996095743036177,0,11,ok,,2026-07-20T18:40:36.416536+00:00,False,20000
adult,ctgan,fresh,1.0,1,4,2000,35.7835,49.96,False,0.062283088233649274,0.7458313104722217,0.1730337730687506,0.02743808734107241,0.5357716899307221,0.7938144329896907,0.82875,0.999776390332237,0.8175102604022495,0.8996095743036177,0,13,ok,,2026-07-20T18:40:36.416536+00:00,False,20000
adult,ctgan,fresh,1.0,1,5,2000,40.7559,49.96,False,0.1057688196040275,0.7477975958901554,0.18647256795347814,0.036301098673300176,0.6360838436417955,0.8556701030927835,0.80875,0.9998973312979729,0.8100840488198325,0.8996095743036177,0,9,ok,,2026-07-20T18:40:36.416536+00:00,False,20000
adult,ctgan,fresh,1.0,1,6,2000,37.6451,49.96,False,0.022052902508299208,0.8311168395419116,0.15249241650817655,0.030813329187396356,0.5437669749894042,0.8247422680412371,0.837,0.9998656895242335,0.7588396353447993,0.8996095743036177,0,9,ok,,2026-07-20T18:40:36.416536+00:00,False,20000
adult,ctgan,fresh,1.0,1,7,2000,38.9943,49.96,False,0.10074048218552399,0.8750952731618936,0.1724484671505817,0.0275006564400221,0.43306675871158495,0.8041237113402062,0.81475,0.9990729824295052,0.8488312864542759,0.8996095743036177,0,13,ok,,2026-07-20T18:40:36.416536+00:00,False,20000
adult,ctgan,fresh,1.0,1,8,2000,41.5749,49.96,False,0.08493165632158395,0.7223595409912446,0.1716686372084224,0.032242848258706464,0.5530467430096969,0.8041237113402062,0.82075,0.9996079765808844,0.8162986091432874,0.8996095743036177,0,12,ok,,2026-07-20T18:40:36.416536+00:00,False,20000
